FECHAHORA,"HARDWARE_NAME","MONITOR_1_SN","LLDP_RID1_SWITCH_PORTDESCR","LLDP_RID1_SWITCH_SYSNAME","p4k_FREQUENT_USERS"
"29-03-2022",S4PL8837,V305DFM6,"PC Port","SEP247E12BE6F25.asepeyo.site","11214->20;10243->18;7343->13"
"29-03-2022",PC053VEM,52549101,"Device Port 2","(empty)","26589->44;24227->30;80790->8"
"29-03-2022",S4PL3954,V305BK1Y,"-","-","10379->46;14479->29;26335->26"
"29-03-2022",S4PL3941,V305BKL9,"PC Port","SEP247E12BFD070.asepeyo.site","23611->55;20623->54;24687->44"
"29-03-2022",S4PL4467,V305BHBL,gi3,"SW-AMU139V0-32","27333->21;23877->4;24673->1"
"29-03-2022",S4PL3941,V305BKL9,"-","-","20623->54;23611->54;24687->44"
"29-03-2022",S4PL3938,V305BHAK,"-","-","1305->46;11875->38;11971->32"
"29-03-2022",S4AV0105,V902Z3RB,gi17,"SW-AMU139V0-15","6186->37;21211->33;9986->31"
"29-03-2022",S4AU7289,V902Z3AB,gi21,"SW-AMU139V0-32","14545->46;9306->38;23599->6"
"29-03-2022",S4AU7521,V902Z31B,gi21,"SW-AMU139V0-46","9755->19;9864->11;27443->7"
"29-03-2022",S4AU7137,V902Z39F,gi12,"SW-AMU139V0-36","27443->7;81241->6;25551->5"
"29-03-2022",S4AU7521,V902Z31B,gi21,"SW-AMU139V0-46","9755->19;9864->11;27443->6"
"29-03-2022",S4AU7521,V902Z31B,gi21,"SW-AMU139V0-46","9755->19;9864->11;27443->5"
"29-03-2022",S4AU4974,V902Z3WB,gi15,"SW-AMU139V0-30","26481->49;10047->29;14457->7"
"29-03-2022",S4AV0482,V902Z39M,gi8,"SW-AMU139V0-29","6074->45;26481->20;24369->8"
"29-03-2022",S4PL5076,V305BHBA,"PC Port","SEP247E12BE6F16.asepeyo.site","1230->32;24273->7;23613->2"
"29-03-2022",S4PL3951,V305BHAH,gi9,"SW-AMU139V0-26","1288->16;1369->9;27257->7"
"29-03-2022",S4PL4467,V305BHBL,"-","-","27333->21;23877->3;24673->1"
"29-03-2022",PC053VBN,"VL-ZGR67","-","-","25917->41;2349->34;4003->1"
"29-03-2022",S4AY2975,V902Z3ZZ,"PC Port","SEP009AD2F08AA2.asepeyo.site","22421->125;27083->50;10934->6"
"29-03-2022",S4AY2908,V902Z3N5,"-","-","27413->26;12853->18;23447->18"
"29-03-2022",S4AY2926,V902Z2M6,"PC Port","SEPB4A8B969C8DC.asepeyo.site","1346->49;23415->35;12853->26"
"29-03-2022",S4PL3327,V305BHLB,"-","-","6425->45;1350->8;12498->6"
"29-03-2022",S4AU7083,V902Z3NC,"-","-","26307->20;27413->16;1349->15"
"29-03-2022",S4PL3873,V305BH8R,"-","-","14681->29;13786->16;7305->16"
"29-03-2022",S4AU6938,V902Z39Z,gi9,"SW-AMU139V0-7","6395->16;7305->15;13786->12"
"29-03-2022",S4AU7145,V902Z3AA,"-","-","14694->14;7343->11;6669->8"
"29-03-2022",S4AV0275,V902V2X1,"-","-","6877->51;23299->37;10199->30"
"29-03-2022",S4AU7772,V902Z425,gi7,"SW-AMU139V0-24","26219->6;6615->5;6150->1"
"29-03-2022",S4AV0482,V902Z39M,gi8,"SW-AMU139V0-29","6074->45;26481->19;24369->8"
"29-03-2022",S4AU7258,0,gi12,"SW-AMU139V0-29","4003->56;6935->47;14457->5"
"29-03-2022",S4PL4550,V305BHBM,gi7,"SW-AMU139V0-32","3192->24"
"29-03-2022",S4PL8689,V305BFCV,gi13,"SW-AMU139V0-35","7083->47"
"29-03-2022",S4AY2861,V902Z3ZV,gi2,"SW-AMU139V0-5","12072->51;12487->2;20951->1"
"29-03-2022",S4AY2861,V902Z3ZV,"-","-","12072->50;12487->2;20951->1"
"29-03-2022",S4AV0482,V902Z39M,gi8,"SW-AMU139V0-29","6074->45;26481->19;24369->8"
"29-03-2022",S4AY2861,V902Z3ZV,"-","-","12072->49;12487->2;20951->1"
"29-03-2022",S4PL3873,V305BH8R,"-","-","14681->29;13786->16;7305->16"
"29-03-2022",S4PL3854,V305BH8A,gi5,"SW-AMU139V0-23","3336->16"
"29-03-2022",S4PL4554,V305BK1V,gi6,"SW-AMU139V0-16","1359->54;12660->2;20951->1"
"29-03-2022",S4AU7772,V902Z425,gi7,"SW-AMU139V0-24","26219->6;6615->4;6150->1"
"29-03-2022",S4AV0275,V902V2X1,"Device Port 2","(empty)","6877->52;23299->37;10199->30"
"29-03-2022",S4PL4373,V305BK1D,"-","-","1325->21"
"29-03-2022",PC053VHG,16843009,"-","-","3167->2;6616->1;22473->1"
"29-03-2022",S4PL4531,V305BFM8,gi15,"SW-AMU139V0-3","6616->39;27257->3"
"29-03-2022",PC053VHG,16843009,"-","-","6616->1;3167->1;22473->1"
"29-03-2022",S4PL3945,V305BHAN,"PC Port","SEPB4A8B969C3D0.asepeyo.site","1369->2"
"29-03-2022",S4PL4705,V305BFMA,"-","-","22473->21"
"29-03-2022",S4PL4534,V305BFMC,gi17,"SW-AMU139V0-32","27443->23;24673->7;27019->3"
"29-03-2022",S4PL3954,V305BK1Y,"PC Port","SEPB4A8B969C80B.asepeyo.site","10379->46;14479->29;26335->26"
"29-03-2022",S4PL3896,V305BGHX,gi2,"SW-AMU139V0-32","27479->9;27333->1"
"29-03-2022",S4AV0275,V902V2X1,"-","-","6877->52;23299->38;10199->29"
"29-03-2022",S4PL3831,V305BK3M,"-","-","6097->52"
"29-03-2022",PC053VDS,0,gi7,"SW-AMU139V0-5","5095->5;6616->1;1366->1"
"29-03-2022",S4PL3854,V305BH8A,"-","-","3336->15"
"29-03-2022",S4PL3953,V305BH8Y,gi2,"SW-AMU139V0-28","3280->14;1366->9;81901->8"
"29-03-2022",S4AY2986,V902Z2XV,"-","-","12691->25;4070->25;1277->24"
"29-03-2022",S4PL3938,V305BHAK,gi15,"SW-AMU139V0-15","1305->46;11875->38;11971->32"
"29-03-2022",S4PL3818,V305BHVV,"-","-","23877->7;3192->7;27333->6"
"29-03-2022",S4AY2856,V902Z400,gi12,"SW-AMU139V0-20","27083->78;23913->9;22421->4"
"29-03-2022",S4PL4686,V305BHVN,"PC Port","SEP247E12BF6687.asepeyo.site","27763->22;26271->6;1209->2"
"29-03-2022",S4PL4563,V305BH8C,gi6,"SW-AMU139V0-23","4324->16"
"29-03-2022",S4PL4526,V305BHW9,gi7,"SW-AMU139V0-26","14621->16;81241->14;11091->8"
"29-03-2022",PC053VF6,16843009,gi10,"SW-AMU139V0-3","6616->11;7452->1"
"29-03-2022",S4AY2975,V902Z3ZZ,"PC Port","SEP009AD2F08AA2.asepeyo.site","22421->125;27083->50;10934->6"
"29-03-2022",S4AY2961,V902Z2NA,"-","-","9937->38;22389->26;9959->14"
"29-03-2022",S4PL4482,V305BFM2,gi6,"SW-AMU139V0-15","1369->6;27257->3;20623->1"
"29-03-2022",S4PL3873,V305BH8R,"PC Port","SEP247E12BF89FF.asepeyo.site","14681->28;13786->16;7305->16"
"29-03-2022",S4AY2980,V902Z3R4,gi21,"SW-AMU139V0-30","6074->23"
"29-03-2022",S4PL3873,V305BH8R,"-","-","14681->27;13786->16;7305->16"
"29-03-2022",S4AY2975,V902Z3ZZ,"PC Port","SEP009AD2F08AA2.asepeyo.site","22421->124;27083->51;10934->6"
"29-03-2022",S4PL3938,V305BHAK,gi15,"SW-AMU139V0-15","1305->46;11875->38;11971->32"
"29-03-2022",S4AY2994,V902Z3RD,"PC Port","SEP247E12BF80FA.asepeyo.site","25433->10;25521->3;26899->2"
"29-03-2022",S4PL4252,V305BH8B,gi12,"SW-AMU139V0-33","27875->29;9306->1"
"29-03-2022",S4PL4467,V305BHBL,"-","-","27333->21;23877->2;24673->1"
"29-03-2022",S4PL3814,V305BK3P,"-","-","21459->40"
"29-03-2022",S4AU5084,V902V25V,gi18,"SW-AMU139V0-25","9862->52;1251->18;4003->3"
"29-03-2022",PC053VLA,0,gi2,"SW-AMU139V0-11","10572->23"
"29-03-2022",PC053VHG,16843009,"-","-","6616->1;22473->1"
"29-03-2022",S4PL4595,V305BK1Z,"PC Port","SEP247E12BF8564.asepeyo.site","23613->12;27443->5;6257->5"
"29-03-2022",S4AU7842,V902V2Y1,"-","-","20069->57"
"29-03-2022",S4PL3110,V305BHBB,"-","-","1351->6;27443->6;24273->5"
"29-03-2022",PC053VFC,0,gi1,"SW-AMU139V0-5","9952->48;12072->1"
"29-03-2022",S4PL9049,V305BK1W,"-","-","6341->49"
"29-03-2022",S4AY3020,V902Z3V3,"-","-","1351->12;23613->8;26937->7"
"29-03-2022",S4AV0105,V902Z3RB,gi17,"SW-AMU139V0-15","6186->37;21211->33;9986->31"
"29-03-2022",S4AU7521,V902Z31B,gi21,"SW-AMU139V0-46","9755->19;9864->11;26809->4"
"29-03-2022",S4AU5155,V902V2XT,"PC Port","SEP247E12BF67E5.asepeyo.site","24369->32;9862->4;14457->3"
"29-03-2022",S4AU7137,V902Z39F,gi12,"SW-AMU139V0-36","27443->7;81241->6;25551->5"
"29-03-2022",S4AU4974,V902Z3WB,"-","-","26481->50;10047->28;14457->7"
"29-03-2022",S4PL3741,V305BHA4,"-","-","81249->15;13614->12;27627->9"
"29-03-2022",S4AY2918,V902Z3ZB,gi2,"SW-AMU139V0-6","6454->96"
"29-03-2022",S4PL8837,V305DFM6,"PC Port","SEP247E12BE6F25.asepeyo.site","11214->20;10243->18;7343->13"
"29-03-2022",S4PL4056,V305BHA5,"-","-","25595->30;27763->10"
"29-03-2022",S4AV0092,V902Z30R,gi17,"SW-AMU139V0-25","15548->64"
"29-03-2022",S4PL4559,V305BH9G,"-","-","26271->36;27763->11"
"29-03-2022",S4PL3826,V305BK38,gi11,"SW-AMU139V0-10","12362->22;6401->2"
"29-03-2022",S4PL4222,V305DFLW,gi3,"SW-AMU139V0-12","4037->26"
"29-03-2022",S4PL8838,V305DFMC,gi7,"SW-AMU139V0-12","4139->30"
"29-03-2022",S4PL3741,V305BHA4,"-","-","81249->15;13614->11;27627->9"
"29-03-2022",S4AU7283,V902Z3A8,gi7,"SW-AMU139V0-36","11091->5;9938->5;14621->4"
"29-03-2022",S4PL8663,V304Y180,"-","-","1220->34;10287->19;9124->11"
"29-03-2022",S4PL3933,V305BH9C,"-","-","1275->49"
"29-03-2022",S4PL3941,V305BKL9,"-","-","20623->55;23611->53;24687->44"
"29-03-2022",S4PL4067,V305BG2F,gi5,"SW-AMU139V0-25","27443->12;14621->11;13614->6"
"29-03-2022",S4AU7293,V902Z3A2,"-","-","6061->52;9124->5;23311->4"
"29-03-2022",PC0A85PK,V901XZGF,"-","-","1155->4;24827->2;1254->1"
"29-03-2022",S4PL5078,V305DFM2,"-","-","1374->33"
"29-03-2022",S4PL4597,V305DFM9,"-","-","1340->63"
"29-03-2022",S4PL4540,V305BFCR,"-","-","1363->24"
"29-03-2022",S4PL4917,V305BHAG,gi2,"SW-AMU139V0-31","25679->13;14350->9;24273->6"
"29-03-2022",S4PL3746,V305BH8D,"-","-","27095->51"
"29-03-2022",PC053V7Z,60227032,gi12,"SW-AMU139V0-8","24227->15;26589->14"
"29-03-2022",S4AU7293,V902Z3A2,"-","-","6061->51;9124->5;23311->4"
"29-03-2022",S4M80643,0,"-","-","5095->56"
"29-03-2022",S4PL5076,V305BHBA,"-","-","1230->31;24273->7;23613->2"
"29-03-2022",S4PL2948,V305BHNR,gi16,"SW-AMU139V0-5","1347->39"
"29-03-2022",S4AY2918,V902Z3ZB,gi2,"SW-AMU139V0-6","6454->96"
"29-03-2022",S4PL3950,V305BHW5,gi9,"SW-AMU139V0-9","11631->27"
"29-03-2022",S4PL5076,V305BHBA,"-","-","1230->30;24273->7;23613->2"
"29-03-2022",S4PL8751,V305BHAV,"Port 2",SEPDC774C952927,"23613->7;25679->6;9938->6"
"29-03-2022",S4PL4252,V305BH8B,gi12,"SW-AMU139V0-33","27875->28;9306->1"
"29-03-2022",PC053VBN,"VL-ZGR67","-","-","25917->40;2349->34;26481->1"
"29-03-2022",S4PL3819,V305BHAM,"-","-","3159->24"
"29-03-2022",S4PL8703,V305DFM4,"-","-","4222->44"
"29-03-2022",S4PL4190,V305BFC0,"-","-","27257->41"
"29-03-2022",PC053VEM,52549101,"-","-","26589->45;24227->29;80790->10"
"29-03-2022",S4AU7096,V902Z2MX,gi16,"SW-AMU139V0-31","81071->25;81091->22;81881->14"
"29-03-2022",S4AU6671,V902Y4HX,gi9,"SW-AMU139V0-25","1293->46"
"29-03-2022",S4PL4183,V305DFLL,gi2,"SW-AMU139V0-13","3445->33"
"29-03-2022",S4AY2975,V902Z3ZZ,"PC Port","SEP009AD2F08AA2.asepeyo.site","22421->125;27083->50;10934->6"
"29-03-2022",S4J96760,0,"PC Port","SEPB4A8B969C993.asepeyo.site","23691->44"
"29-03-2022",S4AU7289,V902Z3AB,"-","-","14545->45;9306->38;23599->6"
"29-03-2022",S4PL4073,V305BG2C,gi12,"SW-AMU139V0-7","15192->19;12907->17;7305->15"
"29-03-2022",PC053VJH,0,gi4,"SW-AMU139V0-6","12794->24"
"29-03-2022",S4AV0146,V902Z3RK,gi19,"SW-AMU139V0-39","12777->56;27849->36;27729->31"
"29-03-2022",PC053VFH,"VL-ZVG74","-","-","80734->48;84001->7;84005->3"
"29-03-2022",S4PL4543,V305BHA3,"-","-","1155->28;81755->8;25433->3"
"29-03-2022",S4AV0482,V902Z39M,gi8,"SW-AMU139V0-29","6074->46;26481->19;24369->7"
"29-03-2022",S4PL9025,V3071RZD,"-","-","26201->17"
"29-03-2022",S4PL4759,V305DFM0,gi17,"SW-AMU139V0-12","15611->27"
"29-03-2022",S4PL4597,V305DFM9,"PC Port","SEP2C0BE904935F.asepeyo.site","1340->63"
"29-03-2022",PC0A85QB,V9012R2A,"-","-","1254->16;15667->2;15192->2"
"29-03-2022",S4PL3270,V305BHLX,"-","-","14043->48;21979->8;6061->5"
"29-03-2022",S4PL4060,V305BK2M,"-","-","5245->49"
"29-03-2022",S4AY2918,V902Z3ZB,gi2,"SW-AMU139V0-6","6454->95"
"29-03-2022",S4PL4528,V305DFM8,gi9,"SW-AMU139V0-13","3511->25;5195->1"
"29-03-2022",S4AY2857,V902Z3Z8,gi5,"SW-AMU139V0-17","1343->24;81924->2"
"29-03-2022",S4AY2861,V902Z3ZV,gi2,"SW-AMU139V0-5","12072->48;12487->2;20951->1"
"29-03-2022",S4PL4531,V305BFM8,gi15,"SW-AMU139V0-3","6616->39;27257->2"
"29-03-2022",S4AY2906,V902Z3ZP,gi2,"SW-AMU139V0-17","23235->45"
"29-03-2022",S4AY2996,V902Z3RN,"-","-","11483->56"
"29-03-2022",S4AU7145,V902Z3AA,"-","-","14694->14;7343->11;6669->8"
"29-03-2022",S4PL3942,V305BH9D,gi1,"SW-AMU139V0-19","1330->39;27893->9"
"29-03-2022",S4PL4547,V305BK3N,gi11,"SW-AMU139V0-33","4923->23"
"29-03-2022",S4PL3954,V305BK1Y,"-","-","10379->46;14479->29;26335->26"
"29-03-2022",S4AU7298,V902Z3AP,"-","-","1309->42;9747->5"
"29-03-2022",S4AY2880,V902Z2Y5,gi17,"SW-AMU139V0-20","23913->32;0838->21;23235->1"
"29-03-2022",S4AY2908,V902Z3N5,"PC Port","SEP247E12BF77A1.asepeyo.site","27413->26;12853->18;23447->18"
"29-03-2022",PC053VKB,"VN-167518","PC Port","SEP247E12BF7797.asepeyo.site","27443->23;27019->10;24673->4"
"29-03-2022",S4AV0220,V902Z3RV,"-","-","6891->28;15501->21;15667->2"
"29-03-2022",S4PL4059,V305BK3A,gi13,"SW-AMU139V0-6","1358->56"
"29-03-2022",S4PL4774,V305DFM3,gi13,"SW-AMU139V0-3","1366->49"
"29-03-2022",S4PL4539,V305DFLY,gi4,"SW-AMU139V0-12","4529->34"
"29-03-2022",S4AY2903,V902Z3XB,gi9,"SW-AMU139V0-16","26113->48"
"29-03-2022",S4AU7258,0,gi12,"SW-AMU139V0-29","4003->56;6935->47;14457->5"
"29-03-2022",PC0A85PL,V9023MPM,gi8,"SW-AMU139V0-23","1322->27"
"29-03-2022",S4PL4550,V305BHBM,gi7,"SW-AMU139V0-32","3192->23"
"29-03-2022",S4PL3527,V305BH21,"PC Port","SEP247E12BF8990.asepeyo.site","9494->40;12777->9;23375->9"
"29-03-2022",S4PL4065,V305BG01,"-","-","6162->48"
"29-03-2022",S4PL4373,V305BK1D,"-","-","1325->20"
"29-03-2022",S4AY2926,V902Z2M6,"PC Port","SEPB4A8B969C8DC.asepeyo.site","1346->49;23415->35;12853->27"
"29-03-2022",S4PL4876,V305BK3L,gi2,"SW-AMU139V0-4","3167->39"
"29-03-2022",S4AU7083,V902Z3NC,"-","-","26307->21;27413->17;1349->15"
"29-03-2022",S4AV0146,V902Z3RK,gi19,"SW-AMU139V0-39","12777->56;27849->36;27729->30"
"29-03-2022",S4PL3873,V305BH8R,"PC Port","SEP247E12BF89FF.asepeyo.site","14681->26;13786->16;7305->16"
"29-03-2022",S4PL4553,V305BK32,"-","-","80434->22"
"29-03-2022",S4AU6938,V902Z39Z,gi9,"SW-AMU139V0-7","6395->16;7305->16;13786->12"
"29-03-2022",S4AV0275,V902V2X1,"-","-","6877->52;23299->38;10199->29"
"29-03-2022",S4AY2882,V902Z3ZT,gi8,"SW-AMU139V0-32","9747->44"
"29-03-2022",S4PL4530,V305DFMA,gi14,"SW-AMU139V0-12","3048->37"
"29-03-2022",S4AY2856,V902Z400,gi12,"SW-AMU139V0-20","27083->77;23913->9;22421->4"
"29-03-2022",S4PL3327,V305BHLB,gi20,"SW-AMU139V0-36","6425->47;1350->8;12498->6"
"29-03-2022",S4AY2978,V902Z2XY,"-","-","1182->39;7083->2"
"29-03-2022",S4AU7145,V902Z3AA,"PC Port","SEP247E12BF5D85.asepeyo.site","14694->14;7343->11;6669->8"
"29-03-2022",S4AY2926,V902Z2M6,"-","-","1346->49;23415->35;12853->27"
"29-03-2022",S4PL5078,V305DFM2,"-","-","1374->32"
"29-03-2022",S4PL8707,V305BFM0,"-","-","1288->50"
"29-03-2022",S4PL3831,V305BK3M,"-","-","6097->51"
"29-03-2022",S4PL3827,V305BK3V,gi13,"SW-AMU139V0-23","3280->44;14621->1"
"29-03-2022",S4PL3948,V305BK1M,gi3,"SW-AMU139V0-10","26251->16"
"29-03-2022",S4AU7205,V902Z30H,"-","-","81073->46;80492->5;81071->4"
"29-03-2022",S4PL8837,V305DFM6,"-","-","11214->20;10243->18;7343->13"
"29-03-2022",S4PL4527,V305BK34,gi17,"SW-AMU139V0-5","4212->54"
"29-03-2022",S4PL3815,V305BH9Z,"-","-","6129->45"
"29-03-2022",S4AY2965,V902Z3ZA,"-","-","12853->3;1370->3;23375->3"
"29-03-2022",S4PL3807,V305BK29,gi9,"SW-AMU139V0-20","1336->51;9952->1;23235->1"
"29-03-2022",S4PL3807,V305BK29,"-","-","1336->50;9952->1;23235->1"
"29-03-2022",S4PL3938,V305BHAK,"-","-","1305->46;11875->38;11971->32"
"29-03-2022",S4AV0105,V902Z3RB,gi17,"SW-AMU139V0-15","6186->37;21211->33;9986->30"
"29-03-2022",S4AY2878,V902Z3ZM,gi15,"SW-AMU139V0-20","81866->40;81910->14;81867->14"
"29-03-2022",PC053VFB,"VL-ZVH18","-","-","84005->73;84001->2"
"29-03-2022",PC053VFB,"VL-ZVH18","-","-","84005->72;84001->2"
"28-03-2022",S4AY2986,V902Z2XV,"-","-","12691->25;4070->25;1277->23"
"28-03-2022",S4PL3954,V305BK1Y,"-","-","10379->45;14479->29;26335->26"
"28-03-2022",S4PL3938,V305BHAK,gi15,"SW-AMU139V0-15","1305->46;11875->39;11971->32"
"28-03-2022",S4PL8837,V305DFM6,"-","-","11214->21;10243->18;7343->13"
"28-03-2022",S4AY2961,V902Z2NA,gi1,"SW-AMU139V0-24","9937->38;22389->26;9959->14"
"28-03-2022",S4AU7205,V902Z30H,"-","-","81073->45;80492->5;81071->4"
"28-03-2022",S4AY2926,V902Z2M6,"-","-","1346->51;23415->35;12853->27"
"28-03-2022",S4AV0105,V902Z3RB,"-","-","6186->37;21211->33;9986->30"
"28-03-2022",S4PL5076,V305BHBA,"PC Port","SEP247E12BE6F16.asepeyo.site","1230->30;24273->7;23613->2"
"28-03-2022",S4AU5084,V902V25V,gi18,"SW-AMU139V0-25","9862->52;1251->18;4003->3"
"28-03-2022",S4AY2926,V902Z2M6,"-","-","1346->52;23415->35;12853->27"
"28-03-2022",S4AY3020,V902Z3V3,"-","-","1351->12;23613->8;26937->7"
"28-03-2022",S4PL3954,V305BK1Y,"-","-","10379->45;14479->29;26335->26"
"28-03-2022",S4PL4595,V305BK1Z,"-","-","23613->12;27443->5;6257->5"
"28-03-2022",S4PL4595,V305BK1Z,"-","-","23613->12;27443->5;6257->5"
"28-03-2022",S4PL3954,V305BK1Y,"-","-","10379->45;14479->29;26335->26"
"28-03-2022",S4AU5155,V902V2XT,"-","-","24369->31;9862->4;14457->3"
"28-03-2022",S4PL3954,V305BK1Y,"PC Port","SEPB4A8B969C80B.asepeyo.site","10379->45;14479->29;26335->26"
"28-03-2022",S4PL4059,V305BK3A,gi13,"SW-AMU139V0-6","1358->55"
"28-03-2022",S4AU7289,V902Z3AB,gi21,"SW-AMU139V0-32","14545->46;9306->37;23599->6"
"28-03-2022",S4AV0482,V902Z39M,"-","-","6074->45;26481->19;24369->7"
"28-03-2022",S4AY2986,V902Z2XV,gi13,"SW-AMU139V0-24","4070->26;12691->25;1277->23"
"28-03-2022",S4AY2961,V902Z2NA,gi1,"SW-AMU139V0-24","9937->38;22389->26;9959->13"
"28-03-2022",S4AY2926,V902Z2M6,"PC Port","SEPB4A8B969C8DC.asepeyo.site","1346->52;23415->35;12853->27"
"28-03-2022",S4PL4526,V305BHW9,"-","-","14621->16;81241->14;81244->9"
"28-03-2022",S4PL3941,V305BKL9,"PC Port","SEP247E12BFD070.asepeyo.site","20623->54;23611->53;24687->44"
"28-03-2022",S4AY2908,V902Z3N5,"-","-","27413->26;12853->18;1370->18"
"28-03-2022",PC053VBN,"VL-ZGR67","-","-","25917->40;2349->34;26481->1"
"28-03-2022",S4AY2975,V902Z3ZZ,"PC Port","SEP009AD2F08AA2.asepeyo.site","22421->125;27083->50;10934->6"
"28-03-2022",S4AU6938,V902Z39Z,gi9,"SW-AMU139V0-7","7305->16;6395->15;13786->12"
"28-03-2022",S4PL5076,V305BHBA,"PC Port","SEP247E12BE6F16.asepeyo.site","1230->29;24273->7;23613->2"
"28-03-2022",S4PL3327,V305BHLB,gi20,"SW-AMU139V0-36","6425->46;1350->8;12498->6"
"28-03-2022",S4AU7083,V902Z3NC,"PC Port","SEP247E12BF778A.asepeyo.site","26307->21;27413->19;1349->15"
"28-03-2022",S4PL3873,V305BH8R,"-","-","14681->25;13786->17;7305->16"
"28-03-2022",S4AU7145,V902Z3AA,"PC Port","SEP247E12BF5D85.asepeyo.site","14694->14;7343->10;6669->8"
"28-03-2022",S4PL3327,V305BHLB,gi20,"SW-AMU139V0-36","6425->46;1350->8;12498->6"
"28-03-2022",S4AU7258,0,gi12,"SW-AMU139V0-29","4003->56;6935->47;14457->5"
"28-03-2022",S4PL3818,V305BHVV,"-","-","23877->7;3192->7;27333->6"
"28-03-2022",S4PL4072,V305BG2D,"-","-","13614->6"
"28-03-2022",S4AU4974,V902Z3WB,gi15,"SW-AMU139V0-30","26481->50;10047->28;14457->7"
"28-03-2022",S4AV0275,V902V2X1,"Device Port 2","(empty)","6877->52;23299->37;10199->29"
"28-03-2022",S4PL4774,V305DFM3,gi13,"SW-AMU139V0-3","1366->48"
"28-03-2022",S4PL4187,V305BHBP,gi7,"SW-AMU139V0-31","11091->4;27333->2;26937->1"
"28-03-2022",S4PL4561,V305BHBH,"-","-","26937->8;27333->4;23287->3"
"28-03-2022",S4PL4554,V305BK1V,gi6,"SW-AMU139V0-16","1359->55;12660->2;20951->1"
"28-03-2022",S4PL5076,V305BHBA,"PC Port","SEP247E12BE6F16.asepeyo.site","1230->28;24273->7;23613->2"
"28-03-2022",S4PL9049,V305BK1W,"PC Port","SEP247E12BF8947.asepeyo.site","6341->48"
"28-03-2022",S4PL4705,V305BFMA,"-","-","22473->20"
"28-03-2022",S4PL4876,V305BK3L,"-","-","3167->38"
"28-03-2022",S4AU7137,V902Z39F,gi12,"SW-AMU139V0-36","27443->7;81241->6;25551->5"
"28-03-2022",S4PL4595,V305BK1Z,"-","-","23613->12;27443->5;6257->5"
"28-03-2022",S4AY3020,V902Z3V3,"PC Port","SEP247E12BF84C4.asepeyo.site","1351->12;23613->8;26937->7"
"28-03-2022",S4AU7137,V902Z39F,gi12,"SW-AMU139V0-36","27443->7;81241->6;25551->5"
"28-03-2022",PC053VDS,0,"-","-","5095->4;6616->1;1366->1"
"28-03-2022",S4PL4753,V305BHAF,"-","-","1254->40"
"28-03-2022",S4AU7096,V902Z2MX,gi16,"SW-AMU139V0-31","81071->26;81091->21;81881->14"
"28-03-2022",S4PL3873,V305BH8R,"PC Port","SEP247E12BF89FF.asepeyo.site","14681->25;13786->17;7305->16"
"28-03-2022",S4AU7096,V902Z2MX,gi16,"SW-AMU139V0-31","81071->26;81091->21;81881->14"
"28-03-2022",S4AU7205,V902Z30H,"PC Port","SEP247E12BF848A.asepeyo.site","81073->45;80492->5;81071->3"
"28-03-2022",S4PL4917,V305BHAG,gi2,"SW-AMU139V0-31","25679->13;14350->9;24273->6"
"28-03-2022",S4PL4534,V305BFMC,gi17,"SW-AMU139V0-32","27443->23;24673->6;27019->3"
"28-03-2022",S4PL4917,V305BHAG,gi2,"SW-AMU139V0-31","25679->13;14350->9;24273->6"
"28-03-2022",S4PL4595,V305BK1Z,"-","-","23613->12;27443->5;6257->5"
"28-03-2022",S4AU9072,V902V2PG,gi19,"SW-AMU139V0-27","26809->26;3860->16;9755->13"
"28-03-2022",S4PL3854,V305BH8A,"-","-","3336->15"
"28-03-2022",S4PL3819,V305BHAM,"-","-","3159->23"
"28-03-2022",S4AY2986,V902Z2XV,gi13,"SW-AMU139V0-24","4070->26;12691->25;1277->23"
"28-03-2022",S4AV0275,V902V2X1,"-","-","6877->52;23299->37;10199->30"
"28-03-2022",S4AY2986,V902Z2XV,gi13,"SW-AMU139V0-24","4070->26;12691->25;1277->22"
"28-03-2022",S4AY2856,V902Z400,"-","-","27083->77;23913->9;22421->4"
"28-03-2022",S4AY2878,V902Z3ZM,gi15,"SW-AMU139V0-20","81866->39;81910->14;81867->14"
"28-03-2022",S4AV0105,V902Z3RB,gi17,"SW-AMU139V0-15","6186->37;21211->33;9986->30"
"28-03-2022",S4AY2975,V902Z3ZZ,"PC Port","SEP009AD2F08AA2.asepeyo.site","22421->126;27083->50;10934->6"
"28-03-2022",S4PL3741,V305BHA4,gi2,"SW-AMU139V0-30","81249->15;13614->11;27627->9"
"28-03-2022",S4PL3822,V305BK3T,gi3,"SW-AMU139V0-4","7452->39"
"28-03-2022",S4PL4716,V305BH9F,gi5,"SW-AMU139V0-28","22473->10;25747->9;23603->8"
"28-03-2022",S4PL8837,V305DFM6,"-","-","11214->20;10243->18;7343->13"
"28-03-2022",S4AY2980,V902Z3R4,gi21,"SW-AMU139V0-30","6074->22"
"28-03-2022",S4PL3818,V305BHVV,"-","-","23877->7;3192->7;27333->6"
"28-03-2022",S4AY2975,V902Z3ZZ,"PC Port","SEP009AD2F08AA2.asepeyo.site","22421->125;27083->50;10934->6"
"28-03-2022",S4AY2975,V902Z3ZZ,"PC Port","SEP009AD2F08AA2.asepeyo.site","22421->125;27083->50;10934->6"
"28-03-2022",S4PL4467,V305BHBL,gi3,"SW-AMU139V0-32","27333->20;23877->2;24673->1"
"28-03-2022",S4PL3951,V305BHAH,"-","-","1288->17;27257->10;1369->8"
"28-03-2022",S4AU9072,V902V2PG,"-","-","26809->25;3860->16;9755->13"
"28-03-2022",S4PL4526,V305BHW9,"-","-","14621->16;81241->13;4324->9"
"28-03-2022",S4PL4527,V305BK34,gi17,"SW-AMU139V0-5","4212->53"
"28-03-2022",PC053VFC,0,gi1,"SW-AMU139V0-5","9952->48;12072->1"
"28-03-2022",S4AU5084,V902V25V,"-","-","9862->53;1251->18;4003->2"
"28-03-2022",S4PL8663,V304Y180,"-","-","1220->34;10287->20;9124->11"
"28-03-2022",S4PL3814,V305BK3P,"-","-","21459->40"
"28-03-2022",S4AY2961,V902Z2NA,gi1,"SW-AMU139V0-24","9937->39;22389->25;9959->13"
"28-03-2022",S4AU7842,V902V2Y1,"-","-","20069->58"
"28-03-2022",PC0A85PL,V9023MPM,gi8,"SW-AMU139V0-23","1322->26"
"28-03-2022",S4PL8663,V304Y180,"-","-","1220->34;10287->19;9124->11"
"28-03-2022",S4PL3110,V305BHBB,"-","-","1351->6;27443->6;25679->5"
"28-03-2022",S4PL3826,V305BK38,gi11,"SW-AMU139V0-10","12362->21;6401->2"
"28-03-2022",S4PL4545,V305BK22,gi9,"SW-AMU139V0-17","3115->49"
"28-03-2022",S4AV0275,V902V2X1,"-","-","6877->52;23299->37;10199->30"
"28-03-2022",S4AV0092,V902Z30R,gi17,"SW-AMU139V0-25","15548->64"
"28-03-2022",S4AY3020,V902Z3V3,"-","-","1351->12;23613->8;26937->6"
"28-03-2022",S4PL3831,V305BK3M,"-","-","6097->50"
"28-03-2022",S4PL3873,V305BH8R,"-","-","14681->24;13786->17;7305->16"
"28-03-2022",S4PL4056,V305BHA5,gi16,"SW-AMU139V0-28","25595->31;27763->9"
"28-03-2022",S4PL4559,V305BH9G,"-","-","26271->35;27763->11"
"28-03-2022",S4AY2906,V902Z3ZP,gi2,"SW-AMU139V0-17","23235->44"
"28-03-2022",S4AU4974,V902Z3WB,gi15,"SW-AMU139V0-30","26481->51;10047->27;14457->7"
"28-03-2022",S4PL4868,V305BK3R,gi20,"SW-AMU139V0-26","23877->5;27479->5;23287->3"
"28-03-2022",S4PL4547,V305BK3N,gi11,"SW-AMU139V0-33","4923->22"
"28-03-2022",S4PL3933,V305BH9C,gi11,"SW-AMU139V0-27","1275->49"
"28-03-2022",S4PL8689,V305BFCV,"-","-","7083->49"
"28-03-2022",S4PL3950,V305BHW5,gi9,"SW-AMU139V0-9","11631->26"
"28-03-2022",S4PL3746,V305BH8D,gi9,"SW-AMU139V0-34","27095->51"
"28-03-2022",S4AU7293,V902Z3A2,"-","-","6061->52;9124->5;23311->4"
"28-03-2022",S4PL4252,V305BH8B,gi12,"SW-AMU139V0-33","27875->27;9306->1"
"28-03-2022",PC053V7Z,60227032,gi12,"SW-AMU139V0-8","24227->15;26589->13"
"28-03-2022",S4PL5076,V305BHBA,"-","-","1230->28;24273->6;23613->2"
"28-03-2022",PC053V7Z,60227032,gi12,"SW-AMU139V0-8","24227->15;26589->13"
"28-03-2022",S4M80643,0,"-","-","5095->57"
"28-03-2022",S4PL2948,V305BHNR,"-","-","1347->39"
"28-03-2022",S4PL3941,V305BKL9,"PC Port","SEP247E12BFD070.asepeyo.site","20623->55;23611->54;24687->43"
"28-03-2022",PC053VEM,52549101,"-","-","26589->46;24227->28;80790->10"
"28-03-2022",S4AU7283,V902Z3A8,"-","-","11091->5;9938->5;14621->4"
"28-03-2022",S4PL4190,V305BFC0,"-","-","27257->40"
"28-03-2022",S4PL4543,V305BHA3,"PC Port","SEP247E12BE6E0F.asepeyo.site","1155->27;81755->8;25433->3"
"28-03-2022",S4PL3938,V305BHAK,"-","-","1305->46;11875->39;11971->32"
"28-03-2022",S4AY2903,V902Z3XB,gi9,"SW-AMU139V0-16","26113->47"
"28-03-2022",PC053VFH,"VL-ZVG74","-","-","80734->47;84001->7;84005->3"
"28-03-2022",S4PL4190,V305BFC0,gi4,"SW-AMU139V0-32","27257->40"
"28-03-2022",S4PL4060,V305BK2M,gi4,"SW-AMU139V0-9","5245->49"
"28-03-2022",S4AY2987,V902Z2YB,gi13,"SW-AMU139V0-5","23715->52"
"28-03-2022",S4AU7258,0,gi12,"SW-AMU139V0-29","4003->56;6935->47;14457->5"
"28-03-2022",S4PL3270,V305BHLX,"-","-","14043->47;21979->8;6061->5"
"28-03-2022",S4PL3819,V305BHAM,"-","-","3159->22"
"28-03-2022",S4AY2857,V902Z3Z8,gi5,"SW-AMU139V0-17","1343->23;81924->2"
"28-03-2022",S4AV0275,V902V2X1,"-","-","6877->52;23299->37;10199->30"
"28-03-2022",S4PL8703,V305DFM4,"PC Port","SEP247E12BF7662.asepeyo.site","4222->44"
"28-03-2022",S4AU7145,V902Z3AA,"-","-","14694->14;7343->10;15667->7"
"28-03-2022",S4PL8751,V305BHAV,"Port 2",SEPDC774C952927,"23613->8;25679->6;1188->5"
"28-03-2022",S4AU6671,V902Y4HX,gi9,"SW-AMU139V0-25","1293->46"
"28-03-2022",S4PL8838,V305DFMC,gi7,"SW-AMU139V0-12","4139->29"
"28-03-2022",S4PL4759,V305DFM0,gi17,"SW-AMU139V0-12","15611->26"
"28-03-2022",S4AY2994,V902Z3RD,"PC Port","SEP247E12BF80FA.asepeyo.site","25433->9;25521->3;26899->2"
"28-03-2022",S4AV0482,V902Z39M,gi8,"SW-AMU139V0-29","6074->45;26481->18;24369->7"
"28-03-2022",S4AU7298,V902Z3AP,gi12,"SW-AMU139V0-34","1309->42;9747->5"
"28-03-2022",S4J96760,0,"-","-","23691->44"
"28-03-2022",S4AY2975,V902Z3ZZ,"PC Port","SEP009AD2F08AA2.asepeyo.site","22421->125;27083->49;10934->6"
"28-03-2022",S4AY2918,V902Z3ZB,"-","-","6454->95"
"28-03-2022",S4AU7289,V902Z3AB,gi21,"SW-AMU139V0-32","14545->45;9306->37;23599->6"
"28-03-2022",S4PL4073,V305BG2C,"-","-","15192->19;12907->17;7305->15"
"28-03-2022",PC053VJH,0,eth0,SEP70B317946F86,"12794->23"
"28-03-2022",S4PL4759,V305DFM0,"-","-","15611->25"
"28-03-2022",S4PL4540,V305BFCR,"-","-","1363->23"
"28-03-2022",S4AY2861,V902Z3ZV,gi2,"SW-AMU139V0-5","12072->48;12487->2;20951->1"
"28-03-2022",PC053VBN,"VL-ZGR67","-","-","25917->39;2349->35;26481->1"
"28-03-2022",S4AV0729,V902Z4FZ,"PC Port","SEPEC1D8B2A3925.asepeyo.site","25577->24;3013->2"
"28-03-2022",S4AY2903,V902Z3XB,"-","-","26113->46"
"28-03-2022",S4PL4597,V305DFM9,"PC Port","SEP2C0BE904935F.asepeyo.site","1340->63"
"28-03-2022",S4AY2906,V902Z3ZP,"-","-","23235->43"
"28-03-2022",S4AU7096,V902Z2MX,"-","-","81071->27;81091->21;81881->14"
"28-03-2022",S4AY2918,V902Z3ZB,gi2,"SW-AMU139V0-6","6454->94"
"28-03-2022",S4PL3954,V305BK1Y,"PC Port","SEPB4A8B969C80B.asepeyo.site","10379->46;14479->29;26335->27"
"28-03-2022",S4AV0220,V902Z3RV,"-","-","6891->29;15501->20;15667->2"
"28-03-2022",S4PL3873,V305BH8R,"PC Port","SEP247E12BF89FF.asepeyo.site","14681->23;13786->17;7305->16"
"28-03-2022",S4AV0729,V902Z4FZ,"PC Port","SEPEC1D8B2A3925.asepeyo.site","25577->24;3013->1"
"28-03-2022",S4AY2861,V902Z3ZV,gi2,"SW-AMU139V0-5","12072->47;12487->2;20951->1"
"28-03-2022",S4PL4065,V305BG01,"-","-","6162->47"
"28-03-2022",S4PL4059,V305BK3A,gi13,"SW-AMU139V0-6","1358->56"
"28-03-2022",S4PL4530,V305DFMA,"-","-","3048->36"
"28-03-2022",S4AY2996,V902Z3RN,gi5,"SW-AMU139V0-5","11483->56"
"28-03-2022",S4PL4547,V305BK3N,gi11,"SW-AMU139V0-33","4923->21"
"28-03-2022",S4AY2880,V902Z2Y5,gi17,"SW-AMU139V0-20","23913->31;0838->26;23235->1"
"28-03-2022",S4AY2908,V902Z3N5,"PC Port","SEP247E12BF77A1.asepeyo.site","27413->26;12853->18;1370->18"
"28-03-2022",S4AU7083,V902Z3NC,"-","-","26307->22;27413->19;1349->15"
"28-03-2022",PC053VKB,"VN-167518","-","-","27443->23;27019->10;27479->4"
"28-03-2022",S4AV0146,V902Z3RK,gi19,"SW-AMU139V0-39","12777->57;27849->36;27729->30"
"28-03-2022",S4PL3527,V305BH21,"-","-","9494->39;12777->9;23375->9"
"28-03-2022",S4AY2926,V902Z2M6,"PC Port","SEPB4A8B969C8DC.asepeyo.site","1346->52;23415->35;12853->28"
"28-03-2022",S4AU6938,V902Z39Z,gi9,"SW-AMU139V0-7","7305->17;6395->15;13786->12"
"28-03-2022",S4PL3873,V305BH8R,"-","-","14681->22;13786->17;7305->16"
"28-03-2022",S4PL4876,V305BK3L,gi2,"SW-AMU139V0-4","3167->37"
"28-03-2022",S4AY2978,V902Z2XY,"-","-","1182->39;7083->2"
"28-03-2022",S4PL3327,V305BHLB,gi20,"SW-AMU139V0-36","6425->47;1350->8;12498->6"
"28-03-2022",S4AY2856,V902Z400,gi12,"SW-AMU139V0-20","27083->76;23913->9;22421->4"
"28-03-2022",S4AY2882,V902Z3ZT,gi8,"SW-AMU139V0-32","9747->45"
"28-03-2022",S4PL8707,V305BFM0,gi1,"SW-AMU139V0-32","1288->52"
"28-03-2022",S4PL5078,V305DFM2,"-","-","1374->31"
"28-03-2022",S4AU9072,V902V2PG,"-","-","26809->24;3860->18;9755->13"
"28-03-2022",S4PL3815,V305BH9Z,"PC Port","SEP247E12BF76DA.asepeyo.site","6129->46"
"28-03-2022",S4PL3948,V305BK1M,gi3,"SW-AMU139V0-10","26251->15"
"28-03-2022",S4PL4527,V305BK34,"-","-","4212->52"
"28-03-2022",S4AY2965,V902Z3ZA,"PC Port","SEP247E12BE6F56.asepeyo.site","12853->3;23375->3;25441->3"
"28-03-2022",S4PL3807,V305BK29,gi9,"SW-AMU139V0-20","1336->49;9952->1;23235->1"
"28-03-2022",S4PL3938,V305BHAK,gi15,"SW-AMU139V0-15","1305->47;11875->39;11971->32"
"28-03-2022",S4AV0105,V902Z3RB,gi17,"SW-AMU139V0-15","6186->37;21211->34;9986->30"
"28-03-2022",PC053VFB,"VL-ZVH18","-","-","84005->71;84001->2"
"28-03-2022",S4AY2965,V902Z3ZA,"-","-","12853->3;23375->3;25441->3"
"28-03-2022",S4AU9072,V902V2PG,gi19,"SW-AMU139V0-27","26809->24;3860->17;9755->13"
"28-03-2022",S4PL8837,V305DFM6,"PC Port","SEP247E12BE6F25.asepeyo.site","11214->20;10243->18;7343->13"
"28-03-2022",S4AY2986,V902Z2XV,gi13,"SW-AMU139V0-24","4070->26;12691->25;1277->22"
"28-03-2022",S4AY2986,V902Z2XV,gi13,"SW-AMU139V0-24","4070->26;12691->25;1277->22"
"27-03-2022",S4PL8837,V305DFM6,"-","-","11214->20;10243->18;7343->13"
"27-03-2022",S4PL3938,V305BHAK,"-","-","1305->47;11875->39;11971->31"
"27-03-2022",S4AV0105,V902Z3RB,gi17,"SW-AMU139V0-15","6186->37;21211->34;9986->30"
"27-03-2022",S4PL3938,V305BHAK,gi15,"SW-AMU139V0-15","1305->47;11875->39;11971->30"
"27-03-2022",S4AY2965,V902Z3ZA,"-","-","12853->3;25441->3;23375->2"
"27-03-2022",S4AY2926,V902Z2M6,"-","-","1346->52;23415->35;12853->28"
"27-03-2022",S4AV0146,V902Z3RK,gi19,"SW-AMU139V0-39","12777->59;27849->35;27729->30"
"27-03-2022",S4PL4698,V305BHVW,gi13,"SW-AMU139V0-32","25747->38"
"27-03-2022",S4AY2986,V902Z2XV,gi13,"SW-AMU139V0-24","4070->27;12691->25;1277->22"
"27-03-2022",S4AU7289,V902Z3AB,gi21,"SW-AMU139V0-32","14545->46;9306->36;23599->6"
"27-03-2022",S4PL8837,V305DFM6,"PC Port","SEP247E12BE6F25.asepeyo.site","11214->21;10243->17;7343->13"
"27-03-2022",S4PL3941,V305BKL9,"-","-","23611->55;20623->54;24687->43"
"27-03-2022",S4AY2961,V902Z2NA,"-","-","9937->38;22389->25;9959->13"
"27-03-2022",S4PL3954,V305BK1Y,"PC Port","SEPB4A8B969C80B.asepeyo.site","10379->45;14479->29;26335->27"
"27-03-2022",S4PL4698,V305BHVW,gi13,"SW-AMU139V0-32","25747->37"
"27-03-2022",S4PL3873,V305BH8R,"PC Port","SEP247E12BF89FF.asepeyo.site","14681->22;13786->18;7305->16"
"27-03-2022",S4AY2878,V902Z3ZM,gi15,"SW-AMU139V0-20","81866->40;81867->14;81910->13"
"27-03-2022",S4AU7521,V902Z31B,gi21,"SW-AMU139V0-46","9755->19;9864->10;26809->4"
"27-03-2022",S4PL3938,V305BHAK,gi15,"SW-AMU139V0-15","1305->47;11875->40;7486->30"
"27-03-2022",S4AV0105,V902Z3RB,gi17,"SW-AMU139V0-15","6186->37;21211->34;9986->30"
"27-03-2022",S4AV0275,V902V2X1,"-","-","6877->53;23299->37;10199->31"
"27-03-2022",S4AU4974,V902Z3WB,"-","-","26481->52;10047->27;14457->7"
"27-03-2022",S4PL3941,V305BKL9,"-","-","23611->55;20623->54;24687->43"
"27-03-2022",S4AU4974,V902Z3WB,gi15,"SW-AMU139V0-30","26481->52;10047->26;14457->7"
"27-03-2022",S4PL8837,V305DFM6,"-","-","11214->21;10243->17;12691->13"
"27-03-2022",S4AV0275,V902V2X1,"-","-","6877->53;23299->36;10199->31"
"27-03-2022",S4PL3941,V305BKL9,"-","-","23611->55;20623->54;24687->43"
"27-03-2022",S4PL3873,V305BH8R,"-","-","14681->22;13786->18;7305->16"
"27-03-2022",S4AY2926,V902Z2M6,"-","-","1346->53;23415->34;12853->29"
"27-03-2022",S4AY2986,V902Z2XV,gi13,"SW-AMU139V0-24","4070->27;12691->25;1277->23"
"27-03-2022",S4AY2926,V902Z2M6,"-","-","1346->53;23415->34;12853->29"
"27-03-2022",S4AY2961,V902Z2NA,gi1,"SW-AMU139V0-24","9937->39;22389->24;9959->13"
"27-03-2022",S4PL3954,V305BK1Y,"PC Port","SEPB4A8B969C80B.asepeyo.site","10379->46;14479->29;26335->28"
"27-03-2022",S4AY2986,V902Z2XV,"-","-","4070->27;12691->25;1277->23"
"27-03-2022",S4PL8837,V305DFM6,"PC Port","SEP247E12BE6F25.asepeyo.site","11214->21;10243->17;12691->13"
"27-03-2022",S4AV0105,V902Z3RB,gi17,"SW-AMU139V0-15","6186->37;21211->35;9986->29"
"26-03-2022",S4AV0105,V902Z3RB,"-","-","6186->36;21211->35;9986->29"
"26-03-2022",S4AY2965,V902Z3ZA,"-","-","12853->3;25441->3;23415->2"
"26-03-2022",S4AV0105,V902Z3RB,gi17,"SW-AMU139V0-15","21211->35;6186->35;9986->29"
"26-03-2022",S4PL3954,V305BK1Y,"-","-","10379->46;14479->28;26335->28"
"26-03-2022",S4PL3938,V305BHAK,"-","-","1305->48;11875->40;11971->30"
"26-03-2022",S4AY2926,V902Z2M6,"PC Port","SEPB4A8B969C8DC.asepeyo.site","1346->53;23415->32;12853->29"
"26-03-2022",S4AV0146,V902Z3RK,gi19,"SW-AMU139V0-39","12777->59;27849->35;27729->30"
"26-03-2022",S4AY2986,V902Z2XV,gi13,"SW-AMU139V0-24","4070->27;12691->25;1277->23"
"26-03-2022",S4PL3941,V305BKL9,"PC Port","SEP247E12BFD070.asepeyo.site","23611->56;20623->55;24687->42"
"26-03-2022",S4PL8837,V305DFM6,"-","-","11214->21;10243->16;12691->13"
"26-03-2022",S4AY2961,V902Z2NA,"-","-","9937->39;22389->24;9959->13"
"26-03-2022",S4AU7521,V902Z31B,gi21,"SW-AMU139V0-46","9755->20;9864->9;26809->4"
"26-03-2022",S4AV0275,V902V2X1,"Device Port 2","(empty)","6877->54;23299->36;10199->31"
"26-03-2022",S4AY2961,V902Z2NA,gi1,"SW-AMU139V0-24","9937->39;22389->25;9959->13"
"26-03-2022",S4AV0105,V902Z3RB,"-","-","21211->35;6186->35;9986->29"
"26-03-2022",S4AY2878,V902Z3ZM,gi15,"SW-AMU139V0-20","81866->41;81910->13;81867->13"
"26-03-2022",S4AU7096,V902Z2MX,"-","-","81071->27;81091->21;81881->15"
"26-03-2022",S4PL3831,V305BK3M,"PC Port","SEPF87B204FBB03.asepeyo.site","6097->51"
"26-03-2022",S4PL3938,V305BHAK,gi15,"SW-AMU139V0-15","1305->48;11875->40;7486->30"
"26-03-2022",S4PL4705,V305BFMA,gi5,"SW-AMU139V0-31","22473->20"
"26-03-2022",S4PL8837,V305DFM6,"-","-","11214->21;10243->16;12691->14"
"26-03-2022",S4PL3941,V305BKL9,"-","-","23611->57;20623->55;24687->41"
"26-03-2022",S4AV0275,V902V2X1,"-","-","6877->54;23299->36;10199->32"
"26-03-2022",S4AY2926,V902Z2M6,"-","-","1346->53;23415->31;12853->30"
"26-03-2022",S4PL3941,V305BKL9,"-","-","23611->57;20623->56;24687->40"
"26-03-2022",S4PL3954,V305BK1Y,"PC Port","SEPB4A8B969C80B.asepeyo.site","10379->47;26335->29;14479->27"
"26-03-2022",S4AU4974,V902Z3WB,gi15,"SW-AMU139V0-30","26481->54;10047->25;14457->7"
"26-03-2022",S4AY2926,V902Z2M6,"PC Port","SEPB4A8B969C8DC.asepeyo.site","1346->53;23415->31;12853->30"
"26-03-2022",S4PL3873,V305BH8R,"-","-","14681->22;13786->19;7305->16"
"26-03-2022",S4PL3938,V305BHAK,gi15,"SW-AMU139V0-15","1305->49;11875->40;7486->30"
"26-03-2022",S4AY2986,V902Z2XV,gi13,"SW-AMU139V0-24","4070->27;12691->25;1277->24"
"26-03-2022",S4AY2986,V902Z2XV,gi13,"SW-AMU139V0-24","4070->27;12691->25;1277->24"
"26-03-2022",S4AU7521,V902Z31B,gi21,"SW-AMU139V0-46","9755->23;9864->8;26809->4"
"25-03-2022",S4AV0105,V902Z3RB,gi17,"SW-AMU139V0-15","21211->36;6186->35;9986->29"
"25-03-2022",S4PL3938,V305BHAK,gi15,"SW-AMU139V0-15","1305->49;11875->40;7486->30"
"25-03-2022",S4PL3954,V305BK1Y,"-","-","10379->47;26335->28;14479->27"
"25-03-2022",S4PL3873,V305BH8R,"-","-","14681->21;13786->19;7305->16"
"25-03-2022",S4AY2926,V902Z2M6,"PC Port","SEPB4A8B969C8DC.asepeyo.site","1346->53;23415->31;12853->30"
"25-03-2022",S4AU7145,V902Z3AA,"-","-","14694->14;7343->10;15667->8"
"25-03-2022",S4PL8837,V305DFM6,"-","-","11214->21;10243->16;12691->14"
"25-03-2022",S4PL3941,V305BKL9,"-","-","23611->57;20623->56;24687->42"
"25-03-2022",S4AV0105,V902Z3RB,gi17,"SW-AMU139V0-15","21211->36;6186->34;9986->29"
"25-03-2022",S4AV0482,V902Z39M,gi8,"SW-AMU139V0-29","6074->49;26481->18;24369->9"
"25-03-2022",S4AU7293,V902Z3A2,"-","-","6061->53;9124->5;23311->4"
"25-03-2022",S4PL8663,V304Y180,"-","-","1220->37;10287->19;9124->13"
"25-03-2022",S4PL3954,V305BK1Y,"-","-","10379->47;26335->28;14479->26"
"25-03-2022",S4AY2908,V902Z3N5,"PC Port","SEP247E12BF77A1.asepeyo.site","27413->26;1370->21;12853->18"
"25-03-2022",S4AY3020,V902Z3V3,"PC Port","SEP247E12BF84C4.asepeyo.site","1351->12;23613->8;6669->6"
"25-03-2022",PC053VFH,"VL-ZVG74","-","-","80734->50;84001->8;84005->3"
"25-03-2022",S4PL4526,V305BHW9,gi7,"SW-AMU139V0-26","14621->15;81241->13;4324->9"
"25-03-2022",S4AU7083,V902Z3NC,"-","-","26307->24;27413->21;1349->15"
"25-03-2022",S4AU7289,V902Z3AB,gi21,"SW-AMU139V0-32","14545->48;9306->36;15501->6"
"25-03-2022",S4AY2961,V902Z2NA,gi1,"SW-AMU139V0-24","9937->40;22389->25;9959->13"
"25-03-2022",S4AV0105,V902Z3RB,gi17,"SW-AMU139V0-15","21211->36;6186->34;9986->29"
"25-03-2022",S4AU4974,V902Z3WB,gi15,"SW-AMU139V0-30","26481->54;10047->24;14457->7"
"25-03-2022",S4PL3941,V305BKL9,"PC Port","SEP247E12BFD070.asepeyo.site","23611->58;20623->56;24687->42"
"25-03-2022",S4AV0275,V902V2X1,"-","-","6877->55;23299->35;10199->32"
"25-03-2022",S4PL3938,V305BHAK,"-","-","1305->49;11875->40;7486->30"
"25-03-2022",S4AU6938,V902Z39Z,gi9,"SW-AMU139V0-7","7305->19;6395->14;13786->12"
"25-03-2022",S4AY2986,V902Z2XV,gi13,"SW-AMU139V0-24","4070->27;12691->25;1277->24"
"25-03-2022",PC053VBN,"VL-ZGR67","-","-","25917->39;2349->36;26481->1"
"25-03-2022",S4PL5076,V305BHBA,"PC Port","SEP247E12BE6F16.asepeyo.site","1230->31;24273->6;23613->2"
"25-03-2022",S4AU7083,V902Z3NC,"PC Port","SEP247E12BF778A.asepeyo.site","26307->24;27413->22;1349->15"
"25-03-2022",S4PL4073,V305BG2C,"-","-","15192->19;12907->17;7305->15"
"25-03-2022",S4PL3873,V305BH8R,"-","-","14681->20;13786->20;7305->16"
"25-03-2022",S4AV0146,V902Z3RK,"-","-","12777->59;27849->35;27729->30"
"25-03-2022",S4AY2926,V902Z2M6,"-","-","1346->53;12853->30;23415->30"
"25-03-2022",S4AV0146,V902Z3RK,gi19,"SW-AMU139V0-39","12777->59;27849->35;27729->29"
"25-03-2022",S4AU7258,0,gi12,"SW-AMU139V0-29","4003->59;6935->50;14457->5"
"25-03-2022",S4PL4534,V305BFMC,gi17,"SW-AMU139V0-32","27443->24;24673->5;27019->3"
"25-03-2022",S4PL8837,V305DFM6,"-","-","11214->21;10243->16;12691->14"
"25-03-2022",S4AY3020,V902Z3V3,"PC Port","SEP247E12BF84C4.asepeyo.site","1351->12;23613->8;6669->6"
"25-03-2022",S4PL4595,V305BK1Z,"-","-","23613->13;27443->5;6257->5"
"25-03-2022",S4PL4554,V305BK1V,"-","-","1359->58;12660->2;20951->1"
"25-03-2022",S4PL3831,V305BK3M,"PC Port","SEPF87B204FBB03.asepeyo.site","6097->51"
"25-03-2022",S4PL4559,V305BH9G,"-","-","26271->37;27763->11"
"25-03-2022",S4AU7258,0,gi12,"SW-AMU139V0-29","4003->58;6935->50;14457->5"
"25-03-2022",S4AU5155,V902V2XT,"-","-","24369->31;9862->4;14457->3"
"25-03-2022",S4PL4056,V305BHA5,gi16,"SW-AMU139V0-28","25595->34;27763->8"
"25-03-2022",S4PL3942,V305BH9D,gi1,"SW-AMU139V0-19","1330->43;27893->8"
"25-03-2022",S4PL3942,V305BH9D,"-","-","1330->43;27893->7"
"25-03-2022",S4AV0275,V902V2X1,"-","-","6877->56;23299->34;10199->32"
"25-03-2022",S4PL8751,V305BHAV,"Port 2",SEPDC774C952927,"23613->9;25679->6;1188->5"
"25-03-2022",S4AU7298,V902Z3AP,gi12,"SW-AMU139V0-34","1309->44;9747->5"
"25-03-2022",S4PL3951,V305BHAH,gi9,"SW-AMU139V0-26","1288->17;27257->10;1369->8"
"25-03-2022",S4AU7283,V902Z3A8,gi7,"SW-AMU139V0-36","11091->5;9938->5;14621->4"
"25-03-2022",S4PL3954,V305BK1Y,"-","-","10379->47;26335->28;14479->26"
"25-03-2022",S4AY2961,V902Z2NA,gi1,"SW-AMU139V0-24","9937->40;22389->24;9959->13"
"25-03-2022",S4AY2961,V902Z2NA,gi1,"SW-AMU139V0-24","9937->39;22389->24;9959->13"
"25-03-2022",S4AV0275,V902V2X1,"Device Port 2","(empty)","6877->56;23299->34;10199->33"
"25-03-2022",S4AY2878,V902Z3ZM,"-","-","81866->42;81910->13;81867->12"
"25-03-2022",S4PL4698,V305BHVW,gi13,"SW-AMU139V0-32","25747->40"
"25-03-2022",S4PL3941,V305BKL9,"-","-","23611->58;20623->56;24687->42"
"25-03-2022",S4AY2856,V902Z400,gi12,"SW-AMU139V0-20","27083->78;23913->11;22421->5"
"25-03-2022",S4PL4482,V305BFM2,"-","-","1369->6;27257->2;20623->1"
"25-03-2022",S4PL3953,V305BH8Y,gi2,"SW-AMU139V0-28","3280->15;1366->9;81901->8"
"25-03-2022",S4PL4526,V305BHW9,"-","-","14621->15;81241->14;4324->9"
"25-03-2022",S4AY2975,V902Z3ZZ,"PC Port","SEP009AD2F08AA2.asepeyo.site","22421->134;27083->51;10934->6"
"25-03-2022",S4AY2880,V902Z2Y5,gi17,"SW-AMU139V0-20","0838->30;23913->30;23235->1"
"25-03-2022",S4AY2975,V902Z3ZZ,"PC Port","SEP009AD2F08AA2.asepeyo.site","22421->133;27083->52;10934->6"
"25-03-2022",S4AY2961,V902Z2NA,gi1,"SW-AMU139V0-24","9937->40;22389->24;9959->13"
"25-03-2022",S4AY2986,V902Z2XV,gi13,"SW-AMU139V0-24","4070->27;12691->26;1277->24"
"25-03-2022",S4PL3954,V305BK1Y,"-","-","10379->46;26335->28;14479->26"
"25-03-2022",S4AU9072,V902V2PG,gi19,"SW-AMU139V0-27","26809->24;3860->17;9755->12"
"25-03-2022",S4PL8751,V305BHAV,"Port 2",SEPDC774C952927,"23613->9;25679->6;1188->5"
"25-03-2022",S4PL4774,V305DFM3,gi13,"SW-AMU139V0-3","1366->50"
"25-03-2022",S4AV0105,V902Z3RB,"-","-","21211->36;6186->34;9986->29"
"25-03-2022",S4AY3020,V902Z3V3,"PC Port","SEP247E12BF84C4.asepeyo.site","1351->12;23613->8;6669->6"
"25-03-2022",S4PL3873,V305BH8R,"-","-","14681->20;13786->20;7305->16"
"25-03-2022",S4PL4686,V305BHVN,"-","-","27763->26;26271->6;1209->2"
"25-03-2022",PC053VLA,0,eth0,SEP70B3171DE5F4,"10572->24"
"25-03-2022",S4AU7293,V902Z3A2,"-","-","6061->53;9124->5;6947->4"
"25-03-2022",S4PL3814,V305BK3P,"-","-","21459->43"
"25-03-2022",S4AU5084,V902V25V,gi18,"SW-AMU139V0-25","9862->56;1251->18;4003->2"
"25-03-2022",S4AV0092,V902Z30R,gi17,"SW-AMU139V0-25","15548->66"
"25-03-2022",S4AU7842,V902V2Y1,"-","-","20069->60"
"25-03-2022",S4PL4187,V305BHBP,"-","-","11091->4;27333->2;27443->1"
"25-03-2022",S4PL4559,V305BH9G,gi8,"SW-AMU139V0-25","26271->36;27763->11"
"25-03-2022",S4AU7258,0,gi12,"SW-AMU139V0-29","4003->58;6935->50;14457->5"
"25-03-2022",S4AV0092,V902Z30R,"-","-","15548->65"
"25-03-2022",S4PL4545,V305BK22,gi9,"SW-AMU139V0-17","3115->51"
"25-03-2022",S4PL5076,V305BHBA,"PC Port","SEP247E12BE6F16.asepeyo.site","1230->31;24273->5;23613->2"
"25-03-2022",S4PL3746,V305BH8D,"-","-","27095->52"
"25-03-2022",S4PL3933,V305BH9C,"-","-","1275->51"
"25-03-2022",PC053VFH,"VL-ZVG74","-","-","80734->50;84001->8;84005->3"
"25-03-2022",S4PL8703,V305DFM4,"-","-","4222->45"
"25-03-2022",S4PL9049,V305BK1W,"PC Port","SEP247E12BF8947.asepeyo.site","6341->47"
"25-03-2022",PC053VFC,0,gi1,"SW-AMU139V0-5","9952->51;12072->1"
"25-03-2022",S4PL3746,V305BH8D,"-","-","27095->51"
"25-03-2022",S4PL4595,V305BK1Z,"-","-","23613->13;6257->5;6934->5"
"25-03-2022",S4AV0275,V902V2X1,"-","-","6877->56;23299->34;10199->32"
"25-03-2022",S4AU4974,V902Z3WB,gi15,"SW-AMU139V0-30","26481->55;10047->23;14457->7"
"25-03-2022",S4AU7096,V902Z2MX,gi16,"SW-AMU139V0-31","81071->27;81091->21;81881->15"
"25-03-2022",PC053V62,16777216,"-","-","3802->7;4142->3;3445->2"
"25-03-2022",S4AU7145,V902Z3AA,"PC Port","SEP247E12BF5D85.asepeyo.site","14694->14;7343->10;15667->8"
"25-03-2022",S4AU7096,V902Z2MX,"-","-","81071->27;81091->21;81881->14"
"25-03-2022",S4PL4533,V305BFYG,gi14,"SW-AMU139V0-3","22445->8"
"25-03-2022",S4AU7145,V902Z3AA,"PC Port","SEP247E12BF5D85.asepeyo.site","14694->14;7343->10;15667->8"
"25-03-2022",S4AU7137,V902Z39F,gi12,"SW-AMU139V0-36","27443->7;81241->7;25551->5"
"25-03-2022",S4PL8838,V305DFMC,gi7,"SW-AMU139V0-12","4139->28"
"25-03-2022",S4PL3823,V305BK33,gi10,"SW-AMU139V0-10","13315->21;26251->1"
"25-03-2022",S4M80643,0,gi13,"SW-AMU139V0-17","5095->58"
"25-03-2022",S4PL4597,V305DFM9,"-","-","1340->65"
"25-03-2022",S4PL2948,V305BHNR,gi16,"SW-AMU139V0-5","1347->41"
"25-03-2022",S4PL8838,V305DFMC,gi7,"SW-AMU139V0-12","4139->27"
"25-03-2022",PC053V7Z,60227032,gi12,"SW-AMU139V0-8","26589->14;24227->14"
"25-03-2022",PC053VEM,52549101,"-","-","26589->48;24227->31;80790->10"
"25-03-2022",S4PL4190,V305BFC0,gi4,"SW-AMU139V0-32","27257->42"
"25-03-2022",S4PL8838,V305DFMC,gi7,"SW-AMU139V0-12","4139->27"
"25-03-2022",S4AU7289,V902Z3AB,"-","-","14545->47;9306->36;15501->7"
"25-03-2022",S4PL4183,V305DFLL,"-","-","3445->34"
"25-03-2022",S4J96760,0,"-","-","23691->45"
"25-03-2022",S4AV0482,V902Z39M,gi8,"SW-AMU139V0-29","6074->53;26481->17;24369->9"
"25-03-2022",S4AY2918,V902Z3ZB,"-","-","6454->103"
"25-03-2022",S4PL4060,V305BK2M,gi4,"SW-AMU139V0-9","5245->53"
"25-03-2022",PC053VBN,"VL-ZGR67","-","-","25917->38;2349->37;26481->1"
"25-03-2022",S4PL3270,V305BHLX,"-","-","14043->49;21979->8;6061->6"
"25-03-2022",S4PL3110,V305BHBB,"-","-","1351->8;27443->6;6257->6"
"25-03-2022",S4AY2906,V902Z3ZP,"-","-","23235->42"
"25-03-2022",S4PL3942,V305BH9D,"-","-","1330->43;27893->6"
"25-03-2022",S4AY2975,V902Z3ZZ,"PC Port","SEP009AD2F08AA2.asepeyo.site","22421->133;27083->51;10934->6"
"25-03-2022",S4PL4543,V305BHA3,"PC Port","SEP247E12BE6E0F.asepeyo.site","1155->28;81755->9;25433->3"
"25-03-2022",S4PL3942,V305BH9D,"-","-","1330->43;27893->6"
"25-03-2022",S4PL3938,V305BHAK,gi15,"SW-AMU139V0-15","1305->50;11875->40;7486->29"
"25-03-2022",S4PL3327,V305BHLB,gi20,"SW-AMU139V0-36","6425->48;1350->8;12498->6"
"25-03-2022",S4PL4059,V305BK3A,gi13,"SW-AMU139V0-6","1358->58"
"25-03-2022",S4AY2918,V902Z3ZB,gi2,"SW-AMU139V0-6","6454->102"
"25-03-2022",S4PL4759,V305DFM0,"-","-","15611->25"
"25-03-2022",S4PL3527,V305BH21,"-","-","9494->38;12777->9;23375->9"
"25-03-2022",S4AY2856,V902Z400,gi12,"SW-AMU139V0-20","27083->78;23913->11;22421->5"
"25-03-2022",S4PL4252,V305BH8B,gi12,"SW-AMU139V0-33","27875->26;9306->1"
"25-03-2022",S4AY2987,V902Z2YB,gi13,"SW-AMU139V0-5","23715->54"
"25-03-2022",PC053VJH,0,gi4,"SW-AMU139V0-6","12794->23"
"25-03-2022",S4AU6938,V902Z39Z,gi9,"SW-AMU139V0-7","7305->19;6395->14;15192->12"
"25-03-2022",S4PL8663,V304Y180,"-","-","1220->37;10287->19;9124->13"
"25-03-2022",S4AU4974,V902Z3WB,gi15,"SW-AMU139V0-30","26481->54;10047->23;14457->7"
"25-03-2022",S4AV0220,V902Z3RV,"-","-","6891->31;15501->19;15667->2"
"25-03-2022",S4PL4540,V305BFCR,gi1,"SW-AMU139V0-12","1363->22"
"25-03-2022",S4AY2861,V902Z3ZV,gi2,"SW-AMU139V0-5","12072->51;12487->2;20951->1"
"25-03-2022",S4PL2866,V305BK1H,"-","-","3013->21"
"25-03-2022",S4AY2908,V902Z3N5,"-","-","27413->26;1370->21;12853->18"
"25-03-2022",S4PL3527,V305BH21,"PC Port","SEP247E12BF8990.asepeyo.site","9494->37;12777->9;23375->9"
"25-03-2022",S4AY2903,V902Z3XB,gi9,"SW-AMU139V0-16","26113->49"
"25-03-2022",S4AY2996,V902Z3RN,gi5,"SW-AMU139V0-5","11483->58"
"25-03-2022",S4AV0275,V902V2X1,"-","-","6877->56;23299->34;10199->32"
"25-03-2022",S4AY2926,V902Z2M6,"-","-","1346->53;12853->31;23415->30"
"25-03-2022",PC053VKB,"VN-167518","-","-","27443->24;27019->11;27479->4"
"25-03-2022",S4AU7298,V902Z3AP,gi12,"SW-AMU139V0-34","1309->43;9747->5"
"25-03-2022",S4PL4373,V305BK1D,gi6,"SW-AMU139V0-12","1325->20"
"25-03-2022",S4AV0146,V902Z3RK,gi19,"SW-AMU139V0-39","12777->59;27849->35;27729->28"
"25-03-2022",S4AU7083,V902Z3NC,"-","-","26307->24;27413->21;1349->15"
"25-03-2022",S4PL8689,V305BFCV,gi13,"SW-AMU139V0-35","7083->53"
"25-03-2022",S4PL4065,V305BG01,"-","-","6162->51"
"25-03-2022",S4AY2978,V902Z2XY,"-","-","1182->41;7083->2"
"25-03-2022",S4AY2882,V902Z3ZT,gi8,"SW-AMU139V0-32","9747->47"
"25-03-2022",S4PL4547,V305BK3N,gi11,"SW-AMU139V0-33","4923->20"
"25-03-2022",S4PL8707,V305BFM0,"-","-","1288->55"
"25-03-2022",S4PL4059,V305BK3A,gi13,"SW-AMU139V0-6","1358->58"
"25-03-2022",S4PL4073,V305BG2C,gi12,"SW-AMU139V0-7","15192->19;12907->17;7305->15"
"25-03-2022",S4PL4530,V305DFMA,gi14,"SW-AMU139V0-12","3048->37"
"25-03-2022",S4PL4539,V305DFLY,gi4,"SW-AMU139V0-12","4529->34"
"25-03-2022",S4PL5078,V305DFM2,gi10,"SW-AMU139V0-13","1374->32"
"25-03-2022",S4AU7205,V902Z30H,"-","-","81073->48;80492->5;81071->2"
"25-03-2022",S4PL8700,V305DFMF,gi14,"SW-AMU139V0-13","3802->42"
"25-03-2022",S4PL3815,V305BH9Z,"PC Port","SEP247E12BF76DA.asepeyo.site","6129->49"
"25-03-2022",S4AV0146,V902Z3RK,gi19,"SW-AMU139V0-39","12777->59;27849->35;27729->28"
"25-03-2022",S4PL3827,V305BK3V,gi13,"SW-AMU139V0-23","3280->46;14621->1"
"25-03-2022",S4AY2907,V902Z3M9,gi4,"SW-AMU139V0-5","1370->46;10934->9;1349->6"
"25-03-2022",S4PL3938,V305BHAK,"-","-","1305->49;11875->40;7486->29"
"25-03-2022",S4AV0105,V902Z3RB,"-","-","21211->37;6186->34;15068->28"
"25-03-2022",S4AY2926,V902Z2M6,"-","-","1346->53;12853->31;23415->30"
"25-03-2022",S4PL3807,V305BK29,gi9,"SW-AMU139V0-20","1336->49;9952->1;23235->1"
"25-03-2022",PC053VFB,"VL-ZVH18","PC Port","SEP247E12BF8BCC.asepeyo.site","84005->72;84001->2"
"24-03-2022",S4PL8837,V305DFM6,"-","-","11214->21;10243->16;12691->14"
"24-03-2022",S4PL8837,V305DFM6,"PC Port","SEP247E12BE6F25.asepeyo.site","11214->20;10243->16;12691->14"
"24-03-2022",S4AY2961,V902Z2NA,gi1,"SW-AMU139V0-24","9937->40;22389->24;9959->13"
"24-03-2022",S4AY2986,V902Z2XV,gi13,"SW-AMU139V0-24","4070->29;12691->26;1277->24"
"24-03-2022",S4PL3938,V305BHAK,gi15,"SW-AMU139V0-15","1305->49;11875->40;7486->29"
"24-03-2022",S4AV0105,V902Z3RB,gi17,"SW-AMU139V0-15","21211->37;6186->34;9986->28"
"24-03-2022",S4AV0146,V902Z3RK,gi19,"SW-AMU139V0-39","12777->59;27849->35;27729->28"
"24-03-2022",S4AY2926,V902Z2M6,"PC Port","SEPB4A8B969C8DC.asepeyo.site","1346->55;12853->31;23415->30"
"24-03-2022",S4AU7096,V902Z2MX,gi16,"SW-AMU139V0-31","81071->27;81091->21;81881->13"
"24-03-2022",S4PL3954,V305BK1Y,"-","-","10379->47;26335->28;14479->26"
"24-03-2022",S4PL3741,V305BHA4,gi2,"SW-AMU139V0-30","81249->15;13614->11;27627->10"
"24-03-2022",S4AY3020,V902Z3V3,"-","-","1351->12;23613->8;6669->6"
"24-03-2022",S4PL4056,V305BHA5,gi16,"SW-AMU139V0-28","25595->35;27763->7"
"24-03-2022",S4PL3815,V305BH9Z,"-","-","6129->48"
"24-03-2022",S4PL8663,V304Y180,"-","-","1220->37;10287->18;9124->13"
"24-03-2022",S4PL8837,V305DFM6,"-","-","11214->20;10243->16;12691->14"
"24-03-2022",S4AU5084,V902V25V,gi18,"SW-AMU139V0-25","9862->56;1251->18;4003->2"
"24-03-2022",S4PL4698,V305BHVW,gi13,"SW-AMU139V0-32","25747->40"
"24-03-2022",S4AU7289,V902Z3AB,"-","-","14545->48;9306->35;15501->7"
"24-03-2022",S4PL3954,V305BK1Y,"-","-","10379->47;26335->28;14479->26"
"24-03-2022",PC053VEM,52549101,"-","-","26589->48;24227->30;80790->10"
"24-03-2022",S4AY2961,V902Z2NA,gi1,"SW-AMU139V0-24","9937->40;22389->24;9959->12"
"24-03-2022",PC053VBN,"VL-ZGR67","-","-","25917->38;2349->36;26481->1"
"24-03-2022",S4AY3020,V902Z3V3,"PC Port","SEP247E12BF84C4.asepeyo.site","1351->12;23613->8;6669->6"
"24-03-2022",PC053VEM,52549101,"-","-","26589->47;24227->30;80790->10"
"24-03-2022",S4AV0482,V902Z39M,gi8,"SW-AMU139V0-29","6074->52;26481->17;24369->9"
"24-03-2022",S4PL3951,V305BHAH,gi9,"SW-AMU139V0-26","1288->18;27257->10;1369->8"
"24-03-2022",S4AU6938,V902Z39Z,"-","-","7305->19;6395->14;15192->12"
"24-03-2022",S4PL4526,V305BHW9,"-","-","14621->14;81241->14;4324->9"
"24-03-2022",S4PL3941,V305BKL9,"-","-","23611->58;20623->57;24687->42"
"24-03-2022",S4AV0482,V902Z39M,gi8,"SW-AMU139V0-29","6074->52;26481->17;24369->8"
"24-03-2022",S4AY2975,V902Z3ZZ,"PC Port","SEP009AD2F08AA2.asepeyo.site","22421->133;27083->51;10934->6"
"24-03-2022",S4AV0146,V902Z3RK,"-","-","12777->59;27849->35;27729->28"
"24-03-2022",S4AY2926,V902Z2M6,"-","-","1346->54;12853->31;23415->30"
"24-03-2022",S4PL3873,V305BH8R,"-","-","14681->21;13786->20;7305->16"
"24-03-2022",S4PL4073,V305BG2C,gi12,"SW-AMU139V0-7","15192->19;12907->16;7305->15"
"24-03-2022",S4AU4974,V902Z3WB,gi15,"SW-AMU139V0-30","26481->54;10047->23;14457->7"
"24-03-2022",S4AV0146,V902Z3RK,gi19,"SW-AMU139V0-39","12777->59;27849->35;27729->27"
"24-03-2022",S4AU7145,V902Z3AA,"-","-","14694->14;7343->11;15667->8"
"24-03-2022",S4AY2907,V902Z3M9,gi4,"SW-AMU139V0-5","1370->46;10934->9;1349->6"
"24-03-2022",S4PL4467,V305BHBL,"-","-","27333->19;23877->4;24673->1"
"24-03-2022",S4AU7083,V902Z3NC,"PC Port","SEP247E12BF778A.asepeyo.site","26307->24;27413->21;1349->15"
"24-03-2022",S4AY2908,V902Z3N5,"-","-","27413->26;1370->22;12853->18"
"24-03-2022",S4PL4467,V305BHBL,"-","-","27333->18;23877->4;24673->1"
"24-03-2022",S4PL0174,V305DFMB,gi16,"SW-AMU139V0-13","10023->22"
"24-03-2022",S4PL4597,V305DFM9,"PC Port","SEP2C0BE904935F.asepeyo.site","1340->65"
"24-03-2022",S4PL4597,V305DFM9,"PC Port","SEP2C0BE904935F.asepeyo.site","1340->63"
"24-03-2022",S4PL4597,V305DFM9,"PC Port","SEP2C0BE904935F.asepeyo.site","1340->62"
"24-03-2022",S4PL4597,V305DFM9,"PC Port","SEP2C0BE904935F.asepeyo.site","1340->62"
"24-03-2022",S4PL3110,V305BHBB,"PC Port","SEPF87B204FFA2D.asepeyo.site","1351->8;27443->6;6257->6"
"24-03-2022",S4PL3738,V305BHBN,gi8,"SW-AMU139V0-33","23603->8"
"24-03-2022",S4AU7258,0,gi12,"SW-AMU139V0-29","4003->58;6935->51;14457->4"
"24-03-2022",S4AV0482,V902Z39M,gi8,"SW-AMU139V0-29","6074->51;26481->17;24369->8"
"24-03-2022",S4AY3020,V902Z3V3,"-","-","1351->12;23613->8;6669->6"
"24-03-2022",S4PL4774,V305DFM3,gi13,"SW-AMU139V0-3","1366->50"
"24-03-2022",S4AY3020,V902Z3V3,"-","-","1351->12;23613->8;6669->6"
"24-03-2022",S4M80643,0,gi13,"SW-AMU139V0-17","5095->57"
"24-03-2022",S4PL3953,V305BH8Y,"-","-","3280->15;1366->9;81901->8"
"24-03-2022",S4PL4554,V305BK1V,"-","-","1359->57;12660->2;20951->1"
"24-03-2022",S4PL3327,V305BHLB,gi20,"SW-AMU139V0-36","6425->48;1350->8;12498->6"
"24-03-2022",S4PL3815,V305BH9Z,"-","-","6129->47"
"24-03-2022",S4PL3110,V305BHBB,"PC Port","SEPF87B204FFA2D.asepeyo.site","1351->8;27443->6;6257->6"
"24-03-2022",S4PL3873,V305BH8R,"PC Port","SEP247E12BF89FF.asepeyo.site","14681->21;13786->20;7305->16"
"24-03-2022",S4PL3327,V305BHLB,"-","-","6425->47;1350->8;12498->6"
"24-03-2022",S4PL3823,V305BK33,gi10,"SW-AMU139V0-10","13315->20;26251->1"
"24-03-2022",S4PL3827,V305BK3V,"-","-","3280->45;14621->1"
"24-03-2022",S4PL4221,V305BG24,gi14,"SW-AMU139V0-32","14621->21"
"24-03-2022",S4PL4561,V305BHBH,gi21,"SW-AMU139V0-31","26937->8;27333->6;23287->4"
"24-03-2022",S4PL3270,V305BHLX,"-","-","14043->48;21979->8;6061->6"
"24-03-2022",S4PL3954,V305BK1Y,"-","-","10379->47;26335->28;14479->26"
"24-03-2022",S4AU7283,V902Z3A8,gi7,"SW-AMU139V0-36","11091->5;9938->5;14621->4"
"24-03-2022",S4AY2986,V902Z2XV,"-","-","4070->29;12691->26;1277->24"
"24-03-2022",S4AV0275,V902V2X1,"-","-","6877->56;23299->33;10199->32"
"24-03-2022",S4PL3110,V305BHBB,"PC Port","SEPF87B204FFA2D.asepeyo.site","1351->8;27443->6;6257->6"
"24-03-2022",S4PL4550,V305BHBM,gi7,"SW-AMU139V0-32","3192->24"
"24-03-2022",S4AY2856,V902Z400,gi12,"SW-AMU139V0-20","27083->77;23913->11;22421->5"
"24-03-2022",PC053VDS,0,"-","-","5095->4;6616->1;3167->1"
"24-03-2022",S4AV0275,V902V2X1,"-","-","6877->57;23299->33;10199->31"
"24-03-2022",S4AY2878,V902Z3ZM,"-","-","81866->43;81910->14;81867->11"
"24-03-2022",S4PL3951,V305BHAH,gi9,"SW-AMU139V0-26","1288->18;27257->9;1369->8"
"24-03-2022",S4AY2975,V902Z3ZZ,"PC Port","SEP009AD2F08AA2.asepeyo.site","22421->132;27083->51;10934->6"
"24-03-2022",PC053VFC,0,gi1,"SW-AMU139V0-5","9952->50;12072->1"
"24-03-2022",S4PL3818,V305BHVV,"-","-","23877->8;27333->7;3192->6"
"24-03-2022",S4PL8700,V305DFMF,gi14,"SW-AMU139V0-13","3802->41"
"24-03-2022",S4AU7521,V902Z31B,gi21,"SW-AMU139V0-46","9755->22;9864->8;26809->4"
"24-03-2022",S4PL3327,V305BHLB,"-","-","6425->46;1350->8;12498->6"
"24-03-2022",S4PL8700,V305DFMF,gi14,"SW-AMU139V0-13","3802->40"
"24-03-2022",S4AY2880,V902Z2Y5,"-","-","0838->31;23913->29;23235->1"
"24-03-2022",S4AU7293,V902Z3A2,"-","-","6061->52;9124->5;10287->4"
"24-03-2022",S4AY2975,V902Z3ZZ,"PC Port","SEP009AD2F08AA2.asepeyo.site","22421->131;27083->51;10934->6"
"24-03-2022",S4PL4526,V305BHW9,"-","-","14621->14;81241->14;4324->9"
"24-03-2022",S4AU5084,V902V25V,gi18,"SW-AMU139V0-25","9862->55;1251->18;4003->2"
"24-03-2022",S4AY2961,V902Z2NA,gi1,"SW-AMU139V0-24","9937->40;22389->23;9959->12"
"24-03-2022",S4PL4716,V305BH9F,gi5,"SW-AMU139V0-28","22473->10;25747->10;23603->8"
"24-03-2022",S4PL3954,V305BK1Y,"-","-","10379->46;26335->28;14479->26"
"24-03-2022",S4PL8751,V305BHAV,"Port 2",SEPDC774C952927,"23613->8;25679->6;26855->6"
"24-03-2022",S4PL3814,V305BK3P,"-","-","21459->42"
"24-03-2022",S4PL3822,V305BK3T,gi3,"SW-AMU139V0-4","7452->41"
"24-03-2022",S4PL4553,V305BK32,gi2,"SW-AMU139V0-24","80434->23"
"24-03-2022",S4AU7842,V902V2Y1,"PC Port","SEPEC1D8B2A3C7E.asepeyo.site","20069->60"
"24-03-2022",PC0A85QB,V9012R2A,"-","-","1254->17;15667->2;15192->2"
"24-03-2022",S4PL3938,V305BHAK,gi15,"SW-AMU139V0-15","1305->49;11875->39;7486->29"
"24-03-2022",S4AU9072,V902V2PG,gi19,"SW-AMU139V0-27","26809->24;3860->17;9755->12"
"24-03-2022",S4PL8689,V305BFCV,gi13,"SW-AMU139V0-35","7083->53"
"24-03-2022",S4PL4067,V305BG2F,"-","-","27443->15;14621->10;13614->6"
"24-03-2022",S4PL4056,V305BHA5,gi16,"SW-AMU139V0-28","25595->35;27763->6"
"24-03-2022",S4PL4222,V305DFLW,gi3,"SW-AMU139V0-12","4037->26"
"24-03-2022",S4PL4452,V305BHAL,gi14,"SW-AMU139V0-31","21979->13;24273->10;12376->9"
"24-03-2022",S4AV0092,V902Z30R,gi17,"SW-AMU139V0-25","15548->65"
"24-03-2022",S4PL4545,V305BK22,gi9,"SW-AMU139V0-17","3115->51"
"24-03-2022",S4PL4868,V305BK3R,gi20,"SW-AMU139V0-26","23877->5;27479->5;27333->3"
"24-03-2022",S4AV0105,V902Z3RB,gi17,"SW-AMU139V0-15","21211->37;6186->34;9986->28"
"24-03-2022",S4PL4559,V305BH9G,"-","-","26271->36;27763->11"
"24-03-2022",S4PL3746,V305BH8D,gi9,"SW-AMU139V0-34","27095->50"
"24-03-2022",S4PL3933,V305BH9C,gi11,"SW-AMU139V0-27","1275->51"
"24-03-2022",S4PL3810,V305BK2N,gi5,"SW-AMU139V0-11","12374->16"
"24-03-2022",S4AU7137,V902Z39F,gi12,"SW-AMU139V0-36","81241->7;27443->6;25551->5"
"24-03-2022",S4AU5155,V902V2XT,"-","-","24369->31;9862->4;14457->3"
"24-03-2022",S4PL2948,V305BHNR,gi16,"SW-AMU139V0-5","1347->42"
"24-03-2022",S4M80643,0,"-","-","5095->56"
"24-03-2022",PC053VEM,52549101,"-","-","26589->46;24227->30;80790->10"
"24-03-2022",S4PL4597,V305DFM9,"PC Port","SEP2C0BE904935F.asepeyo.site","1340->58"
"24-03-2022",PC053V7Z,60227032,gi12,"SW-AMU139V0-8","24227->14;26589->13"
"24-03-2022",S4PL8663,V304Y180,"-","-","1220->37;10287->18;9124->13"
"24-03-2022",S4PL4716,V305BH9F,"-","-","22473->10;25747->10;23603->7"
"24-03-2022",S4PL3823,V305BK33,gi10,"SW-AMU139V0-10","13315->19;26251->1"
"24-03-2022",S4AU7096,V902Z2MX,gi16,"SW-AMU139V0-31","81071->26;81091->21;81881->13"
"24-03-2022",S4PL4543,V305BHA3,"-","-","1155->29;81755->9;27705->2"
"24-03-2022",S4PL4716,V305BH9F,"-","-","22473->10;25747->10;23603->7"
"24-03-2022",S4PL3950,V305BHW5,gi9,"SW-AMU139V0-9","11631->29"
"24-03-2022",S4PL4252,V305BH8B,gi12,"SW-AMU139V0-33","27875->25;9306->1"
"24-03-2022",S4AY3020,V902Z3V3,"-","-","1351->12;23613->8;6669->6"
"24-03-2022",S4AV0275,V902V2X1,"-","-","6877->57;23299->33;10199->31"
"24-03-2022",S4PL8703,V305DFM4,"PC Port","SEP247E12BF7662.asepeyo.site","4222->45"
"24-03-2022",S4PL0167,V305DFLX,gi12,"SW-AMU139V0-12","4142->23"
"24-03-2022",S4AU6938,V902Z39Z,gi9,"SW-AMU139V0-7","7305->19;6395->14;15192->12"
"24-03-2022",S4PL4190,V305BFC0,gi4,"SW-AMU139V0-32","27257->41"
"24-03-2022",S4J96760,0,"PC Port","SEPB4A8B969C993.asepeyo.site","23691->45"
"24-03-2022",PC053VFH,"VL-ZVG74","-","-","80734->51;84001->8;84005->3"
"24-03-2022",S4AU7289,V902Z3AB,gi21,"SW-AMU139V0-32","14545->47;9306->35;15501->7"
"24-03-2022",S4AU7298,V902Z3AP,gi12,"SW-AMU139V0-34","1309->43;9747->5"
"24-03-2022",S4PL4183,V305DFLL,gi2,"SW-AMU139V0-13","3445->33"
"24-03-2022",S4PL8588,V305BHRH,gi8,"SW-AMU139V0-13","5370->24"
"24-03-2022",S4PL4543,V305BHA3,"-","-","1155->29;81755->9;25433->2"
"24-03-2022",S4AY2918,V902Z3ZB,gi2,"SW-AMU139V0-6","6454->102"
"24-03-2022",PC053VJH,0,eth0,SEP70B317946F86,"12794->22"
"24-03-2022",S4PL4753,V305BHAF,"PC Port","SEP247E12BF8722.asepeyo.site","1254->41"
"24-03-2022",S4AU6938,V902Z39Z,gi9,"SW-AMU139V0-7","7305->18;6395->14;15192->12"
"24-03-2022",S4AV0482,V902Z39M,gi8,"SW-AMU139V0-29","6074->51;26481->16;24369->8"
"24-03-2022",PC053VBN,"VL-ZGR67","Device Port 1","(empty)","25917->37;2349->36;26481->1"
"24-03-2022",S4AU4974,V902Z3WB,gi15,"SW-AMU139V0-30","26481->54;10047->22;14457->7"
"24-03-2022",S4AY2975,V902Z3ZZ,"PC Port","SEP009AD2F08AA2.asepeyo.site","22421->131;27083->50;10934->6"
"24-03-2022",S4AV0220,V902Z3RV,"-","-","6891->31;15501->18;15667->2"
"24-03-2022",S4PL3942,V305BH9D,gi1,"SW-AMU139V0-19","1330->44;27893->4"
"24-03-2022",S4PL3941,V305BKL9,"PC Port","SEP247E12BFD070.asepeyo.site","20623->57;23611->56;24687->42"
"24-03-2022",S4AY2994,V902Z3RD,"-","-","25433->8;25521->3;26899->3"
"24-03-2022",S4PL3327,V305BHLB,gi20,"SW-AMU139V0-36","6425->46;1350->7;12498->6"
"24-03-2022",S4AY2918,V902Z3ZB,gi2,"SW-AMU139V0-6","6454->101"
"24-03-2022",S4AY2906,V902Z3ZP,gi2,"SW-AMU139V0-17","23235->41"
"24-03-2022",S4AU6938,V902Z39Z,gi9,"SW-AMU139V0-7","7305->17;6395->14;15192->12"
"24-03-2022",S4PL4065,V305BG01,"-","-","6162->50"
"24-03-2022",S4AY2987,V902Z2YB,gi13,"SW-AMU139V0-5","23715->53"
"24-03-2022",S4PL8588,V305BHRH,gi8,"SW-AMU139V0-13","5370->23"
"24-03-2022",S4PL4917,V305BHAG,gi2,"SW-AMU139V0-31","25679->14;14350->10;24273->7"
"24-03-2022",S4AY2861,V902Z3ZV,gi2,"SW-AMU139V0-5","12072->51;12487->2;20951->1"
"24-03-2022",S4AY2907,V902Z3M9,gi4,"SW-AMU139V0-5","1370->45;10934->9;1349->6"
"24-03-2022",S4AY2996,V902Z3RN,"-","-","11483->58"
"24-03-2022",S4PL8693,V305DFLR,"-","-","3127->22"
"24-03-2022",S4PL4059,V305BK3A,"-","-","1358->57"
"24-03-2022",S4PL3873,V305BH8R,"PC Port","SEP247E12BF89FF.asepeyo.site","14681->21;13786->20;7305->16"
"24-03-2022",S4AY2926,V902Z2M6,"-","-","1346->54;12853->31;23415->30"
"24-03-2022",S4PL8854,V305DFLT,gi11,"SW-AMU139V0-13","0968->32"
"24-03-2022",S4AY2880,V902Z2Y5,gi17,"SW-AMU139V0-20","0838->31;23913->28;23235->1"
"24-03-2022",S4AV0146,V902Z3RK,gi19,"SW-AMU139V0-39","12777->59;27849->35;27729->26"
"24-03-2022",S4PL3527,V305BH21,"-","-","9494->36;12777->9;23375->9"
"24-03-2022",S4PL4876,V305BK3L,gi2,"SW-AMU139V0-4","3167->39"
"24-03-2022",S4AU7258,0,gi12,"SW-AMU139V0-29","4003->57;6935->52;14457->4"
"24-03-2022",S4AY2903,V902Z3XB,gi9,"SW-AMU139V0-16","26113->49"
"24-03-2022",S4AY2986,V902Z2XV,gi13,"SW-AMU139V0-24","4070->29;12691->26;1277->23"
"24-03-2022",S4AY2908,V902Z3N5,"PC Port","SEP247E12BF77A1.asepeyo.site","27413->26;1370->22;12853->18"
"24-03-2022",S4PL4065,V305BG01,"-","-","6162->49"
"24-03-2022",S4PL9049,V305BK1W,"-","-","6341->46"
"24-03-2022",S4AY2882,V902Z3ZT,gi8,"SW-AMU139V0-32","9747->47"
"24-03-2022",S4AY2978,V902Z2XY,"PC Port","SEPB4A8B969C9D7.asepeyo.site","1182->41;7083->2"
"24-03-2022",PC053VKB,"VN-167518","-","-","27443->25;27019->11;27479->4"
"24-03-2022",S4PL4073,V305BG2C,"-","-","15192->19;12907->16;7305->15"
"24-03-2022",S4AU7205,V902Z30H,"-","-","81073->48;80492->7;81071->2"
"24-03-2022",S4PL8700,V305DFMF,gi14,"SW-AMU139V0-13","3802->39"
"24-03-2022",S4PL8707,V305BFM0,"-","-","1288->55"
"24-03-2022",S4PL4547,V305BK3N,gi11,"SW-AMU139V0-33","4923->19"
"24-03-2022",S4PL3831,V305BK3M,"PC Port","SEPF87B204FBB03.asepeyo.site","6097->51"
"24-03-2022",S4PL4060,V305BK2M,gi4,"SW-AMU139V0-9","5245->53"
"24-03-2022",S4AU7145,V902Z3AA,"PC Port","SEP247E12BF5D85.asepeyo.site","14694->13;7343->11;15667->8"
"24-03-2022",S4AU7083,V902Z3NC,"PC Port","SEP247E12BF778A.asepeyo.site","26307->24;27413->21;1349->15"
"24-03-2022",S4PL0174,V305DFMB,gi16,"SW-AMU139V0-13","10023->21"
"24-03-2022",S4AV0146,V902Z3RK,gi19,"SW-AMU139V0-39","12777->59;27849->35;27729->26"
"24-03-2022",S4PL3827,V305BK3V,gi13,"SW-AMU139V0-23","3280->44;14621->1"
"24-03-2022",S4PL3807,V305BK29,gi9,"SW-AMU139V0-20","1336->48;9952->1;23235->1"
"24-03-2022",S4AY2907,V902Z3M9,gi4,"SW-AMU139V0-5","1370->45;10934->8;1349->6"
"24-03-2022",S4AV0105,V902Z3RB,gi17,"SW-AMU139V0-15","21211->37;6186->34;9986->27"
"24-03-2022",S4PL3938,V305BHAK,gi15,"SW-AMU139V0-15","1305->48;11875->39;7486->29"
"24-03-2022",PC053VFB,"VL-ZVH18","PC Port","SEP247E12BF8BCC.asepeyo.site","84005->71;84001->2"
"24-03-2022",S4PL3954,V305BK1Y,"PC Port","SEPB4A8B969C80B.asepeyo.site","10379->46;26335->28;14479->26"
"23-03-2022",S4AU7521,V902Z31B,gi21,"SW-AMU139V0-46","9755->22;9864->8;26809->4"
"23-03-2022",S4PL3941,V305BKL9,"-","-","20623->56;23611->56;24687->42"
"23-03-2022",S4PL8837,V305DFM6,"-","-","11214->20;10243->16;12691->14"
"23-03-2022",S4AY2961,V902Z2NA,gi1,"SW-AMU139V0-24","9937->39;22389->23;9959->12"
"23-03-2022",S4PL8837,V305DFM6,"-","-","11214->19;10243->16;12691->14"
"23-03-2022",S4AY2961,V902Z2NA,gi1,"SW-AMU139V0-24","9937->39;22389->23;6188->11"
"23-03-2022",S4PL3938,V305BHAK,"-","-","1305->49;11875->39;7486->29"
"23-03-2022",S4PL3527,V305BH21,"PC Port","SEP247E12BF8990.asepeyo.site","9494->35;12777->9;23375->9"
"23-03-2022",S4AV0105,V902Z3RB,gi17,"SW-AMU139V0-15","21211->37;6186->34;9986->27"
"23-03-2022",S4AY2926,V902Z2M6,"-","-","1346->57;12853->31;23415->30"
"23-03-2022",S4PL4067,V305BG2F,"-","-","27443->15;14621->10;13614->6"
"23-03-2022",S4AU9072,V902V2PG,gi19,"SW-AMU139V0-27","26809->24;3860->16;9755->12"
"23-03-2022",S4AU9072,V902V2PG,gi19,"SW-AMU139V0-27","26809->23;3860->16;9755->12"
"23-03-2022",S4AU9072,V902V2PG,gi19,"SW-AMU139V0-27","26809->22;3860->16;9755->12"
"23-03-2022",S4AU7137,V902Z39F,"-","-","81241->7;27443->6;25551->5"
"23-03-2022",S4PL8663,V304Y180,"-","-","1220->36;10287->18;9124->13"
"23-03-2022",S4AV0482,V902Z39M,gi8,"SW-AMU139V0-29","6074->50;26481->16;24369->8"
"23-03-2022",S4PL8588,V305BHRH,gi8,"SW-AMU139V0-13","5370->22"
"23-03-2022",S4PL3954,V305BK1Y,"-","-","10379->46;26335->28;14479->26"
"23-03-2022",S4PL3941,V305BKL9,"-","-","20623->56;23611->56;24687->42"
"23-03-2022",S4AU7289,V902Z3AB,"-","-","14545->47;9306->34;15501->7"
"23-03-2022",S4PL3941,V305BKL9,"-","-","20623->56;23611->55;24687->42"
"23-03-2022",S4PL3527,V305BH21,"-","-","9494->35;23375->9;12777->8"
"23-03-2022",S4PL3941,V305BKL9,"PC Port","SEP247E12BFD070.asepeyo.site","20623->56;23611->54;24687->42"
"23-03-2022",S4AY2961,V902Z2NA,gi1,"SW-AMU139V0-24","9937->39;22389->23;6188->11"
"23-03-2022",S4AY2986,V902Z2XV,gi13,"SW-AMU139V0-24","4070->30;12691->26;1277->23"
"23-03-2022",S4PL3818,V305BHVV,"-","-","23877->8;27333->6;3192->6"
"23-03-2022",S4AU7137,V902Z39F,"-","-","27443->6;81241->6;25551->5"
"23-03-2022",S4AY2880,V902Z2Y5,gi17,"SW-AMU139V0-20","0838->30;23913->28;23235->1"
"23-03-2022",S4AU6938,V902Z39Z,gi9,"SW-AMU139V0-7","7305->16;6395->14;15192->12"
"23-03-2022",S4PL4467,V305BHBL,gi3,"SW-AMU139V0-32","27333->17;23877->4;24673->1"
"23-03-2022",S4AY2908,V902Z3N5,"PC Port","SEP247E12BF77A1.asepeyo.site","27413->25;1370->22;12853->18"
"23-03-2022",PC053VBN,"VL-ZGR67","-","-","25917->37;2349->35;26481->1"
"23-03-2022",S4AY2975,V902Z3ZZ,"PC Port","SEP009AD2F08AA2.asepeyo.site","22421->130;27083->50;10934->6"
"23-03-2022",S4AV0105,V902Z3RB,gi17,"SW-AMU139V0-15","21211->37;6186->34;9986->27"
"23-03-2022",S4AY2926,V902Z2M6,"PC Port","SEPB4A8B969C8DC.asepeyo.site","1346->56;12853->31;23415->30"
"23-03-2022",S4AV0146,V902Z3RK,gi19,"SW-AMU139V0-39","12777->60;27849->35;27729->26"
"23-03-2022",S4PL3873,V305BH8R,"-","-","14681->20;13786->20;7305->16"
"23-03-2022",S4PL4073,V305BG2C,"-","-","15192->19;12907->15;7305->15"
"23-03-2022",S4AU7083,V902Z3NC,"-","-","26307->24;27413->21;1349->15"
"23-03-2022",S4PL3327,V305BHLB,gi20,"SW-AMU139V0-36","6425->45;1350->7;12498->6"
"23-03-2022",S4AY2907,V902Z3M9,gi4,"SW-AMU139V0-5","1370->44;10934->8;1349->6"
"23-03-2022",S4PL3327,V305BHLB,"-","-","6425->45;1350->7;12498->6"
"23-03-2022",S4PL8588,V305BHRH,"-","-","5370->21"
"23-03-2022",S4AU7258,0,gi12,"SW-AMU139V0-29","4003->57;6935->51;14457->4"
"23-03-2022",S4PL4534,V305BFMC,"-","-","27443->24;24673->5;27019->3"
"23-03-2022",S4AU4974,V902Z3WB,gi15,"SW-AMU139V0-30","26481->53;10047->22;14457->7"
"23-03-2022",S4AV0275,V902V2X1,"-","-","6877->57;23299->33;10199->31"
"23-03-2022",S4PL3327,V305BHLB,"-","-","6425->45;1350->7;12498->6"
"23-03-2022",S4PL0167,V305DFLX,gi12,"SW-AMU139V0-12","4142->22"
"23-03-2022",S4AV0482,V902Z39M,gi8,"SW-AMU139V0-29","6074->50;26481->15;24369->8"
"23-03-2022",S4AU4974,V902Z3WB,gi15,"SW-AMU139V0-30","26481->53;10047->21;14457->7"
"23-03-2022",S4PL4753,V305BHAF,"-","-","1254->40"
"23-03-2022",S4PL4554,V305BK1V,gi4,"SWITCH-INFORMATICA","1359->56;12660->2;20951->1"
"23-03-2022",S4PL4531,V305BFM8,gi15,"SW-AMU139V0-3","6616->42;27257->2"
"23-03-2022",S4PL4774,V305DFM3,"-","-","1366->49"
"23-03-2022",S4AY2961,V902Z2NA,gi1,"SW-AMU139V0-24","9937->39;22389->22;6188->11"
"23-03-2022",S4AV0275,V902V2X1,"-","-","6877->56;23299->33;10199->31"
"23-03-2022",S4AY2961,V902Z2NA,gi1,"SW-AMU139V0-24","9937->38;22389->22;6188->11"
"23-03-2022",S4PL4876,V305BK3L,"-","-","3167->38"
"23-03-2022",S4AU7283,V902Z3A8,gi7,"SW-AMU139V0-36","11091->5;9938->5;13614->3"
"23-03-2022",PC053V62,16777216,"-","-","3802->7;4142->3;3445->2"
"23-03-2022",S4PL3818,V305BHVV,gi5,"SW-AMU139V0-26","23877->8;27333->6;3192->6"
"23-03-2022",S4PL8854,V305DFLT,gi11,"SW-AMU139V0-13","0968->31"
"23-03-2022",S4PL3873,V305BH8R,"-","-","14681->20;13786->20;7305->16"
"23-03-2022",S4PL3953,V305BH8Y,gi2,"SW-AMU139V0-28","3280->15;1366->9;81901->8"
"23-03-2022",S4PL8837,V305DFM6,"-","-","11214->18;10243->16;12691->14"
"23-03-2022",S4PL4067,V305BG2F,gi5,"SW-AMU139V0-25","27443->15;14621->10;13614->5"
"23-03-2022",S4PL8663,V304Y180,"-","-","1220->36;10287->18;9124->13"
"23-03-2022",PC053VF6,16843009,gi10,"SW-AMU139V0-3","6616->11;7452->1"
"23-03-2022",S4AY2856,V902Z400,gi12,"SW-AMU139V0-20","27083->76;23913->11;22421->5"
"23-03-2022",S4AU7205,V902Z30H,"PC Port","SEP247E12BF848A.asepeyo.site","81073->47;80492->7;81071->2"
"23-03-2022",S4PL4526,V305BHW9,gi7,"SW-AMU139V0-26","14621->14;81241->14;11091->8"
"23-03-2022",S4PL4550,V305BHBM,gi7,"SW-AMU139V0-32","3192->23"
"23-03-2022",S4AY2986,V902Z2XV,gi13,"SW-AMU139V0-24","4070->30;12691->26;1277->23"
"23-03-2022",S4AY2975,V902Z3ZZ,"PC Port","SEP009AD2F08AA2.asepeyo.site","22421->129;27083->50;10934->6"
"23-03-2022",S4PL4716,V305BH9F,"-","-","22473->10;25747->10;23603->7"
"23-03-2022",S4AV0275,V902V2X1,"-","-","6877->57;23299->33;10199->30"
"23-03-2022",S4PL0174,V305DFMB,gi16,"SW-AMU139V0-13","10023->20"
"23-03-2022",S4AY2880,V902Z2Y5,gi17,"SW-AMU139V0-20","0838->30;23913->27;23235->1"
"23-03-2022",S4PL3327,V305BHLB,gi20,"SW-AMU139V0-36","6425->44;1350->7;12498->6"
"23-03-2022",S4PL4543,V305BHA3,"-","-","1155->29;81755->9;27705->1"
"23-03-2022",S4AY2975,V902Z3ZZ,"PC Port","SEP009AD2F08AA2.asepeyo.site","22421->128;27083->50;10934->6"
"23-03-2022",S4AY2961,V902Z2NA,gi1,"SW-AMU139V0-24","9937->37;22389->22;6188->11"
"23-03-2022",S4AU7772,V902Z425,gi7,"SW-AMU139V0-24","26219->7;6615->3;6150->1"
"23-03-2022",S4PL8703,V305DFM4,"PC Port","SEP247E12BF7662.asepeyo.site","4222->44"
"23-03-2022",S4AY2975,V902Z3ZZ,"PC Port","SEP009AD2F08AA2.asepeyo.site","22421->128;27083->49;10934->6"
"23-03-2022",S4PL3110,V305BHBB,"-","-","1351->8;27443->6;6257->6"
"23-03-2022",S4PL9049,V305BK1W,"PC Port","SEP247E12BF8947.asepeyo.site","6341->45"
"23-03-2022",S4PL8689,V305BFCV,"-","-","7083->52"
"23-03-2022",S4PL3938,V305BHAK,gi15,"SW-AMU139V0-15","1305->50;11875->38;7486->29"
"23-03-2022",S4AY2986,V902Z2XV,gi13,"SW-AMU139V0-24","4070->30;12691->26;1277->22"
"23-03-2022",S4PL2948,V305BHNR,gi16,"SW-AMU139V0-5","1347->41"
"23-03-2022",S4PL4059,V305BK3A,"-","-","1358->56"
"23-03-2022",S4AU7137,V902Z39F,gi12,"SW-AMU139V0-36","27443->6;25551->5;25747->5"
"23-03-2022",S4PL3942,V305BH9D,"-","-","1330->44;27893->3"
"23-03-2022",PC053VFC,0,gi1,"SW-AMU139V0-5","9952->49;12072->1"
"23-03-2022",S4PL0174,V305DFMB,"-","-","10023->19"
"23-03-2022",S4PL4559,V305BH9G,"-","-","26271->35;27763->11"
"23-03-2022",S4AU7842,V902V2Y1,"-","-","20069->59"
"23-03-2022",S4PL3822,V305BK3T,gi3,"SW-AMU139V0-4","7452->40"
"23-03-2022",S4PL8663,V304Y180,"-","-","1220->35;10287->18;9124->13"
"23-03-2022",S4AU7283,V902Z3A8,gi7,"SW-AMU139V0-36","11091->5;9938->5;13614->3"
"23-03-2022",S4AV0275,V902V2X1,"-","-","6877->57;23299->33;10199->30"
"23-03-2022",S4AV0092,V902Z30R,gi17,"SW-AMU139V0-25","15548->64"
"23-03-2022",S4PL3954,V305BK1Y,"PC Port","SEPB4A8B969C80B.asepeyo.site","10379->46;26335->28;14479->26"
"23-03-2022",S4AU7293,V902Z3A2,"-","-","6061->51;9124->5;10287->4"
"23-03-2022",S4PL3814,V305BK3P,"PC Port","SEP247E12BFD03C.asepeyo.site","21459->41"
"23-03-2022",S4PL4531,V305BFM8,gi15,"SW-AMU139V0-3","6616->41;27257->2"
"23-03-2022",S4AU5084,V902V25V,gi18,"SW-AMU139V0-25","9862->53;1251->18;4003->2"
"23-03-2022",PC053VLA,0,eth0,SEP70B3171DE5F4,"10572->24"
"23-03-2022",S4AU7096,V902Z2MX,gi16,"SW-AMU139V0-31","81071->25;81091->21;81881->13"
"23-03-2022",S4PL4545,V305BK22,"-","-","3115->50"
"23-03-2022",S4AU7205,V902Z30H,"PC Port","SEP247E12BF848A.asepeyo.site","81073->46;80492->7;81071->2"
"23-03-2022",S4AY2918,V902Z3ZB,gi2,"SW-AMU139V0-6","6454->100"
"23-03-2022",S4AY2908,V902Z3N5,"PC Port","SEP247E12BF77A1.asepeyo.site","27413->25;1370->22;12853->18"
"23-03-2022",S4PL4222,V305DFLW,gi3,"SW-AMU139V0-12","4037->24"
"23-03-2022",S4PL4190,V305BFC0,gi4,"SW-AMU139V0-32","27257->40"
"23-03-2022",S4PL4917,V305BHAG,"-","-","25679->14;14350->10;24273->7"
"23-03-2022",S4AU4974,V902Z3WB,gi15,"SW-AMU139V0-30","26481->53;10047->21;14457->6"
"23-03-2022",S4PL4222,V305DFLW,"-","-","4037->23"
"23-03-2022",S4PL4252,V305BH8B,"-","-","27875->24;9306->1"
"23-03-2022",S4PL3933,V305BH9C,gi11,"SW-AMU139V0-27","1275->50"
"23-03-2022",S4PL3746,V305BH8D,gi9,"SW-AMU139V0-34","27095->49"
"23-03-2022",PC053VEM,52549101,"-","-","26589->46;24227->29;80790->10"
"23-03-2022",S4AV0105,V902Z3RB,"-","-","21211->37;6186->34;9986->28"
"23-03-2022",S4PL8588,V305BHRH,gi8,"SW-AMU139V0-13","5370->20"
"23-03-2022",PC053VFH,"VL-ZVG74","PC Port","SEPB4A8B969C86C.asepeyo.site","80734->50;84001->8;84005->3"
"23-03-2022",S4PL2948,V305BHNR,gi16,"SW-AMU139V0-5","1347->40"
"23-03-2022",S4M80643,0,gi13,"SW-AMU139V0-17","5095->55"
"23-03-2022",S4PL4452,V305BHAL,"-","-","21979->13;12376->9;24273->9"
"23-03-2022",S4PL8837,V305DFM6,"PC Port","SEP247E12BE6F25.asepeyo.site","11214->18;10243->16;12691->14"
"23-03-2022",S4AU4974,V902Z3WB,gi15,"SW-AMU139V0-30","26481->52;10047->21;14457->6"
"23-03-2022",S4PL3823,V305BK33,gi10,"SW-AMU139V0-10","13315->18;26251->1"
"23-03-2022",S4PL8854,V305DFLT,gi11,"SW-AMU139V0-13","0968->30"
"23-03-2022",S4PL3741,V305BHA4,"-","-","81249->15;13614->11;27627->9"
"23-03-2022",S4AU6671,V902Y4HX,gi9,"SW-AMU139V0-25","1293->48"
"23-03-2022",S4J96760,0,"-","-","23691->44"
"23-03-2022",S4PL3327,V305BHLB,gi20,"SW-AMU139V0-36","6425->44;12498->6;1350->6"
"23-03-2022",PC053VFH,"VL-ZVG74","PC Port","SEPB4A8B969C86C.asepeyo.site","80734->49;84001->8;84005->3"
"23-03-2022",S4AU7289,V902Z3AB,gi21,"SW-AMU139V0-32","14545->46;9306->34;15501->7"
"23-03-2022",S4AU6938,V902Z39Z,gi9,"SW-AMU139V0-7","7305->16;6395->14;15192->12"
"23-03-2022",S4AV0482,V902Z39M,gi8,"SW-AMU139V0-29","6074->49;26481->15;24369->8"
"23-03-2022",S4AV0220,V902Z3RV,"-","-","6891->31;15501->17;15667->2"
"23-03-2022",PC053VBN,"VL-ZGR67","-","-","25917->36;2349->35;26481->1"
"23-03-2022",S4PL4183,V305DFLL,gi2,"SW-AMU139V0-13","3445->32"
"23-03-2022",S4PL4065,V305BG01,"-","-","6162->48"
"23-03-2022",S4PL3270,V305BHLX,"-","-","14043->47;21979->8;6061->6"
"23-03-2022",S4AY2975,V902Z3ZZ,"PC Port","SEP009AD2F08AA2.asepeyo.site","22421->128;27083->48;10934->6"
"23-03-2022",S4PL0167,V305DFLX,gi12,"SW-AMU139V0-12","4142->21"
"23-03-2022",PC0A85QB,V9012R2A,"-","-","1254->16;15667->2;15192->2"
"23-03-2022",S4AV0146,V902Z3RK,"-","-","12777->60;27849->35;23375->25"
"23-03-2022",S4PL4056,V305BHA5,gi16,"SW-AMU139V0-28","25595->35;27763->5"
"23-03-2022",S4PL4597,V305DFM9,"PC Port","SEP2C0BE904935F.asepeyo.site","1340->55"
"23-03-2022",S4AY2882,V902Z3ZT,gi8,"SW-AMU139V0-32","9747->46"
"23-03-2022",S4AY2996,V902Z3RN,gi5,"SW-AMU139V0-5","11483->57"
"23-03-2022",S4PL4595,V305BK1Z,"-","-","23613->13;6257->5;6934->5"
"23-03-2022",PC053VFH,"VL-ZVG74","-","-","80734->49;84001->8;84005->2"
"23-03-2022",S4AU7145,V902Z3AA,"-","-","14694->13;7343->10;15667->8"
"23-03-2022",S4AY2906,V902Z3ZP,"-","-","23235->40"
"23-03-2022",S4PL3941,V305BKL9,"-","-","20623->56;23611->53;24687->42"
"23-03-2022",S4AY2918,V902Z3ZB,gi2,"SW-AMU139V0-6","6454->99"
"23-03-2022",S4AY2861,V902Z3ZV,gi2,"SW-AMU139V0-5","12072->50;12487->2;20951->1"
"23-03-2022",S4AY2856,V902Z400,gi12,"SW-AMU139V0-20","27083->75;23913->11;22421->5"
"23-03-2022",S4AY2903,V902Z3XB,gi9,"SW-AMU139V0-16","26113->48"
"23-03-2022",S4AY2882,V902Z3ZT,gi8,"SW-AMU139V0-32","9747->45"
"23-03-2022",S4PL3527,V305BH21,"-","-","9494->34;23375->9;12777->8"
"23-03-2022",S4PL8693,V305DFLR,gi10,"SW-AMU139V0-12","3127->21"
"23-03-2022",S4AY2987,V902Z2YB,gi13,"SW-AMU139V0-5","23715->52"
"23-03-2022",S4AU7258,0,gi12,"SW-AMU139V0-29","4003->56;6935->52;14457->4"
"23-03-2022",S4PL3873,V305BH8R,"-","-","13786->20;14681->19;7305->16"
"23-03-2022",S4AY2907,V902Z3M9,gi4,"SW-AMU139V0-5","1370->44;10934->8;1349->6"
"23-03-2022",S4AU5084,V902V25V,gi18,"SW-AMU139V0-25","9862->52;1251->18;4003->2"
"23-03-2022",S4AY2926,V902Z2M6,"-","-","1346->56;12853->31;23415->30"
"23-03-2022",S4AU7083,V902Z3NC,"-","-","26307->24;27413->20;1349->15"
"23-03-2022",S4AY2978,V902Z2XY,"-","-","1182->40;7083->2"
"23-03-2022",S4PL4073,V305BG2C,"-","-","15192->19;12907->15;7305->15"
"23-03-2022",S4AV0275,V902V2X1,"Device Port 2","(empty)","6877->57;23299->33;10199->29"
"23-03-2022",S4AU7298,V902Z3AP,"-","-","1309->42;9747->5"
"23-03-2022",S4AY3020,V902Z3V3,"-","-","1351->12;23613->8;6669->6"
"23-03-2022",S4PL3831,V305BK3M,"-","-","6097->50"
"23-03-2022",S4PL4530,V305DFMA,"-","-","3048->37"
"23-03-2022",PC053VKB,"VN-167518","-","-","27443->24;27019->11;27479->4"
"23-03-2022",S4PL3815,V305BH9Z,"PC Port","SEP247E12BF76DA.asepeyo.site","6129->47"
"23-03-2022",S4AU7298,V902Z3AP,gi12,"SW-AMU139V0-34","1309->41;9747->5"
"23-03-2022",PC053VFH,"VL-ZVG74","-","-","80734->49;84001->7;84005->2"
"23-03-2022",S4PL8700,V305DFMF,gi14,"SW-AMU139V0-13","3802->38"
"23-03-2022",S4AY2908,V902Z3N5,"-","-","27413->25;1370->21;12853->18"
"23-03-2022",S4PL8707,V305BFM0,"-","-","1288->54"
"23-03-2022",S4PL4060,V305BK2M,gi4,"SW-AMU139V0-9","5245->52"
"23-03-2022",S4PL0174,V305DFMB,gi16,"SW-AMU139V0-13","10023->18"
"23-03-2022",S4PL3827,V305BK3V,gi13,"SW-AMU139V0-23","3280->43;14621->1"
"23-03-2022",S4PL4527,V305BK34,gi17,"SW-AMU139V0-5","4212->55"
"23-03-2022",S4AU6938,V902Z39Z,gi9,"SW-AMU139V0-7","7305->15;6395->14;15192->12"
"23-03-2022",S4AY2907,V902Z3M9,gi4,"SW-AMU139V0-5","1370->44;10934->8;1349->6"
"23-03-2022",S4PL3807,V305BK29,gi9,"SW-AMU139V0-20","1336->47;9952->1;23235->1"
"23-03-2022",S4PL3938,V305BHAK,"-","-","1305->49;11875->38;7486->29"
"23-03-2022",S4PL8837,V305DFM6,"PC Port","SEP247E12BE6F25.asepeyo.site","11214->18;10243->16;12691->13"
"23-03-2022",S4AY2878,V902Z3ZM,gi15,"SW-AMU139V0-20","81866->43;81910->14;81867->11"
"23-03-2022",PC053VFB,"VL-ZVH18","PC Port","SEP247E12BF8BCC.asepeyo.site","84005->70;84001->2"
"23-03-2022",S4PL3938,V305BHAK,gi15,"SW-AMU139V0-15","1305->49;11875->38;7486->29"
"23-03-2022",S4PL3938,V305BHAK,gi15,"SW-AMU139V0-15","1305->49;11875->38;7486->29"
"23-03-2022",S4AV0105,V902Z3RB,"-","-","21211->37;6186->34;9986->28"
"23-03-2022",S4PL3938,V305BHAK,gi15,"SW-AMU139V0-15","1305->49;11875->38;7486->29"
"22-03-2022",S4PL3941,V305BKL9,"-","-","20623->55;23611->55;24687->42"
"22-03-2022",S4AV0105,V902Z3RB,gi17,"SW-AMU139V0-15","21211->37;6186->33;9986->28"
"22-03-2022",S4PL3938,V305BHAK,gi15,"SW-AMU139V0-15","1305->49;11875->38;7486->29"
"22-03-2022",S4PL8837,V305DFM6,"PC Port","SEP247E12BE6F25.asepeyo.site","11214->19;10243->16;12691->13"
"22-03-2022",S4PL3954,V305BK1Y,"PC Port","SEPB4A8B969C80B.asepeyo.site","10379->45;26335->28;14479->26"
"22-03-2022",S4AY2926,V902Z2M6,"-","-","1346->56;12853->31;23415->30"
"22-03-2022",S4PL3873,V305BH8R,"-","-","13786->20;14681->18;7305->16"
"22-03-2022",S4PL4595,V305BK1Z,"PC Port","SEP247E12BF8564.asepeyo.site","23613->13;6257->5;6934->5"
"22-03-2022",S4PL8751,V305BHAV,"-","-","23613->8;25679->6;26855->6"
"22-03-2022",S4PL3270,V305BHLX,"-","-","14043->46;21979->8;6061->6"
"22-03-2022",S4AY3020,V902Z3V3,"-","-","1351->12;23613->7;6669->6"
"22-03-2022",S4PL4698,V305BHVW,"-","-","25747->39"
"22-03-2022",S4AY2908,V902Z3N5,"PC Port","SEP247E12BF77A1.asepeyo.site","27413->25;1370->20;12853->18"
"22-03-2022",S4PL3270,V305BHLX,"-","-","14043->46;21979->7;6061->6"
"22-03-2022",S4AU7289,V902Z3AB,gi21,"SW-AMU139V0-32","14545->46;9306->33;15501->7"
"22-03-2022",PC053VBN,"VL-ZGR67","-","-","25917->36;2349->34;26481->1"
"22-03-2022",S4AV0482,V902Z39M,gi8,"SW-AMU139V0-29","6074->48;26481->15;24369->8"
"22-03-2022",S4AU7137,V902Z39F,gi12,"SW-AMU139V0-36","27443->6;25551->5;25747->5"
"22-03-2022",S4AU7289,V902Z3AB,gi21,"SW-AMU139V0-32","14545->45;9306->33;15501->7"
"22-03-2022",S4PL8837,V305DFM6,"PC Port","SEP247E12BE6F25.asepeyo.site","11214->19;10243->15;12691->13"
"22-03-2022",S4PL4545,V305BK22,gi9,"SW-AMU139V0-17","3115->49"
"22-03-2022",S4AV0105,V902Z3RB,gi17,"SW-AMU139V0-15","21211->37;6186->32;9986->29"
"22-03-2022",S4PL4597,V305DFM9,"-","-","1340->53"
"22-03-2022",S4PL8837,V305DFM6,"-","-","11214->19;10243->15;12691->13"
"22-03-2022",PC053VFH,"VL-ZVG74","-","-","80734->49;84001->7;84005->1"
"22-03-2022",S4AU6938,V902Z39Z,gi9,"SW-AMU139V0-7","7305->15;6395->14;15192->12"
"22-03-2022",S4PL3941,V305BKL9,"PC Port","SEP247E12BFD070.asepeyo.site","23611->56;20623->55;24687->42"
"22-03-2022",PC053VEM,52549101,"-","-","26589->46;24227->28;80790->10"
"22-03-2022",S4AU7283,V902Z3A8,gi7,"SW-AMU139V0-36","11091->5;9938->5;13614->3"
"22-03-2022",S4AY2908,V902Z3N5,"PC Port","SEP247E12BF77A1.asepeyo.site","27413->25;1370->20;12853->18"
"22-03-2022",S4AU9072,V902V2PG,gi19,"SW-AMU139V0-27","26809->22;3860->15;9755->12"
"22-03-2022",S4AY3020,V902Z3V3,"PC Port","SEP247E12BF84C4.asepeyo.site","1351->12;23613->7;6669->6"
"22-03-2022",S4AY2961,V902Z2NA,gi1,"SW-AMU139V0-24","9937->37;22389->22;6188->11"
"22-03-2022",S4PL3954,V305BK1Y,"PC Port","SEPB4A8B969C80B.asepeyo.site","10379->45;26335->28;14479->25"
"22-03-2022",S4AY2986,V902Z2XV,"-","-","4070->31;12691->26;1277->22"
"22-03-2022",S4PL3951,V305BHAH,gi9,"SW-AMU139V0-26","1288->17;27257->9;1369->8"
"22-03-2022",S4AU4974,V902Z3WB,gi15,"SW-AMU139V0-30","26481->52;10047->21;10199->6"
"22-03-2022",S4AY2975,V902Z3ZZ,"PC Port","SEP009AD2F08AA2.asepeyo.site","22421->127;27083->48;10934->6"
"22-03-2022",S4PL4073,V305BG2C,gi12,"SW-AMU139V0-7","15192->19;7305->15;12907->14"
"22-03-2022",S4PL4534,V305BFMC,"-","-","27443->24;24673->4;27019->3"
"22-03-2022",S4AY2926,V902Z2M6,"PC Port","SEPB4A8B969C8DC.asepeyo.site","1346->57;12853->31;23415->29"
"22-03-2022",S4AU7083,V902Z3NC,"-","-","26307->24;27413->20;1349->15"
"22-03-2022",S4AV0105,V902Z3RB,gi17,"SW-AMU139V0-15","21211->36;6186->32;9986->29"
"22-03-2022",S4AY2907,V902Z3M9,gi4,"SW-AMU139V0-5","1370->43;10934->8;1349->6"
"22-03-2022",S4PL3873,V305BH8R,"-","-","13786->20;14681->18;7305->16"
"22-03-2022",S4PL3327,V305BHLB,"-","-","6425->43;12498->6;1350->6"
"22-03-2022",S4AU7145,V902Z3AA,"-","-","14694->13;7343->10;15667->8"
"22-03-2022",S4AV0146,V902Z3RK,gi19,"SW-AMU139V0-39","12777->62;27849->35;23375->25"
"22-03-2022",S4PL4716,V305BH9F,gi5,"SW-AMU139V0-28","22473->10;25747->9;23603->7"
"22-03-2022",S4AU7258,0,gi12,"SW-AMU139V0-29","4003->58;6935->51;14457->4"
"22-03-2022",S4PL8689,V305BFCV,"-","-","7083->51"
"22-03-2022",S4AV0275,V902V2X1,"-","-","6877->58;23299->32;10199->29"
"22-03-2022",S4PL4554,V305BK1V,"-","-","1359->55;12660->2;20951->1"
"22-03-2022",PC053V7Z,60227032,gi12,"SW-AMU139V0-8","24227->14;26589->12"
"22-03-2022",S4PL3896,V305BGHX,gi2,"SW-AMU139V0-32","27479->10;27333->1"
"22-03-2022",S4AU7145,V902Z3AA,"-","-","14694->13;7343->10;15667->8"
"22-03-2022",S4PL4554,V305BK1V,"-","-","1359->54;12660->2;20951->1"
"22-03-2022",S4PL4597,V305DFM9,"PC Port","SEP2C0BE904935F.asepeyo.site","1340->52"
"22-03-2022",S4AV0275,V902V2X1,"-","-","6877->58;23299->32;10199->29"
"22-03-2022",S4PL4559,V305BH9G,gi8,"SW-AMU139V0-25","26271->34;27763->11"
"22-03-2022",S4AV0275,V902V2X1,"Device Port 2","(empty)","6877->58;23299->32;10199->28"
"22-03-2022",S4AV0275,V902V2X1,"-","-","6877->58;23299->32;10199->28"
"22-03-2022",S4PL8700,V305DFMF,"-","-","3802->37"
"22-03-2022",S4AY2961,V902Z2NA,gi1,"SW-AMU139V0-24","9937->37;22389->21;6188->11"
"22-03-2022",S4AY2961,V902Z2NA,gi1,"SW-AMU139V0-24","9937->36;22389->21;6188->11"
"22-03-2022",S4AY2907,V902Z3M9,"-","-","1370->43;10934->8;1349->6"
"22-03-2022",S4PL3953,V305BH8Y,gi2,"SW-AMU139V0-28","3280->15;1366->9;81901->9"
"22-03-2022",S4PL3951,V305BHAH,gi9,"SW-AMU139V0-26","1288->17;27257->9;1369->7"
"22-03-2022",S4AU6671,V902Y4HX,gi9,"SW-AMU139V0-25","1293->47"
"22-03-2022",S4AU5084,V902V25V,gi18,"SW-AMU139V0-25","9862->53;1251->17;4003->2"
"22-03-2022",S4PL4526,V305BHW9,gi7,"SW-AMU139V0-26","14621->14;81241->14;1209->8"
"22-03-2022",S4PL4531,V305BFM8,"-","-","6616->40;27257->2"
"22-03-2022",S4AV0275,V902V2X1,"-","-","6877->58;23299->32;10199->28"
"22-03-2022",S4AY2856,V902Z400,gi12,"SW-AMU139V0-20","27083->74;23913->11;22421->5"
"22-03-2022",S4PL8663,V304Y180,"-","-","1220->35;10287->17;9124->13"
"22-03-2022",S4PL4595,V305BK1Z,"-","-","23613->13;6257->5;25679->4"
"22-03-2022",S4AY2975,V902Z3ZZ,"PC Port","SEP009AD2F08AA2.asepeyo.site","22421->126;27083->48;10934->6"
"22-03-2022",S4AY2986,V902Z2XV,gi13,"SW-AMU139V0-24","4070->31;12691->26;1277->23"
"22-03-2022",S4PL4716,V305BH9F,gi5,"SW-AMU139V0-28","22473->9;25747->9;23603->7"
"22-03-2022",S4PL4595,V305BK1Z,"-","-","23613->13;6257->5;25679->4"
"22-03-2022",S4AY2986,V902Z2XV,gi13,"SW-AMU139V0-24","4070->31;12691->26;1277->22"
"22-03-2022",S4AY2880,V902Z2Y5,"-","-","0838->30;23913->26;23235->1"
"22-03-2022",S4PL8663,V304Y180,"-","-","1220->34;10287->17;9124->13"
"22-03-2022",S4AY2975,V902Z3ZZ,"PC Port","SEP009AD2F08AA2.asepeyo.site","22421->126;27083->48;10934->6"
"22-03-2022",S4PL4183,V305DFLL,"-","-","3445->31"
"22-03-2022",S4PL3327,V305BHLB,gi20,"SW-AMU139V0-36","6425->43;1350->6;12498->6"
"22-03-2022",S4PL3741,V305BHA4,gi2,"SW-AMU139V0-30","81249->15;13614->11;27627->9"
"22-03-2022",S4AY2975,V902Z3ZZ,"-","-","22421->126;27083->47;10934->6"
"22-03-2022",S4AY2980,V902Z3R4,gi21,"SW-AMU139V0-30","6074->24"
"22-03-2022",S4PL3327,V305BHLB,gi20,"SW-AMU139V0-36","6425->43;12498->6;1350->5"
"22-03-2022",PC053VF6,16843009,gi10,"SW-AMU139V0-3","6616->10;7452->1"
"22-03-2022",S4PL4774,V305DFM3,"-","-","1366->49"
"22-03-2022",S4PL3807,V305BK29,gi9,"SW-AMU139V0-20","1336->46;9952->1;23235->1"
"22-03-2022",S4PL3822,V305BK3T,gi3,"SW-AMU139V0-4","7452->39"
"22-03-2022",S4PL4452,V305BHAL,gi14,"SW-AMU139V0-31","21979->14;24273->9;12376->8"
"22-03-2022",S4AU9072,V902V2PG,gi19,"SW-AMU139V0-27","26809->21;3860->16;9755->12"
"22-03-2022",S4AU5155,V902V2XT,"-","-","24369->32;9862->5;1251->3"
"22-03-2022",S4PL8663,V304Y180,"-","-","1220->34;10287->16;9124->13"
"22-03-2022",S4PL3933,V305BH9C,"-","-","1275->49"
"22-03-2022",PC053VFC,0,gi1,"SW-AMU139V0-5","9952->49;12072->1"
"22-03-2022",S4AY2986,V902Z2XV,gi13,"SW-AMU139V0-24","4070->31;12691->26;1277->21"
"22-03-2022",S4PL3746,V305BH8D,gi9,"SW-AMU139V0-34","27095->48"
"22-03-2022",S4AU7842,V902V2Y1,"-","-","20069->58"
"22-03-2022",S4AY2986,V902Z2XV,gi13,"SW-AMU139V0-24","4070->31;12691->26;1277->21"
"22-03-2022",S4PL3954,V305BK1Y,"PC Port","SEPB4A8B969C80B.asepeyo.site","10379->46;26335->28;14479->25"
"22-03-2022",S4PL8837,V305DFM6,"-","-","11214->19;10243->15;12691->14"
"22-03-2022",S4PL3938,V305BHAK,gi15,"SW-AMU139V0-15","1305->49;11875->38;7486->30"
"22-03-2022",S4M80643,0,gi13,"SW-AMU139V0-17","5095->54"
"22-03-2022",S4PL4545,V305BK22,gi9,"SW-AMU139V0-17","3115->48"
"22-03-2022",S4PL2948,V305BHNR,"-","-","1347->39"
"22-03-2022",S4PL3819,V305BHAM,gi16,"SW-AMU139V0-29","3159->24"
"22-03-2022",S4PL4686,V305BHVN,"PC Port","SEP247E12BF6687.asepeyo.site","27763->28;26271->6;1209->1"
"22-03-2022",PC053VFH,"VL-ZVG74","PC Port","SEPB4A8B969C86C.asepeyo.site","80734->48;84001->7;84005->1"
"22-03-2022",S4AU7137,V902Z39F,gi12,"SW-AMU139V0-36","27443->6;25551->5;81241->5"
"22-03-2022",S4AV0092,V902Z30R,gi17,"SW-AMU139V0-25","15548->66"
"22-03-2022",S4AU4974,V902Z3WB,gi15,"SW-AMU139V0-30","26481->53;10047->20;10199->6"
"22-03-2022",S4PL3814,V305BK3P,"-","-","21459->41"
"22-03-2022",S4AV0105,V902Z3RB,"-","-","21211->35;6186->32;9986->29"
"22-03-2022",S4PL4252,V305BH8B,gi12,"SW-AMU139V0-33","27875->23;9306->1"
"22-03-2022",S4PL4553,V305BK32,gi2,"SW-AMU139V0-24","80434->22"
"22-03-2022",S4PL3941,V305BKL9,"-","-","20623->55;23611->55;24687->42"
"22-03-2022",S4PL4252,V305BH8B,gi12,"SW-AMU139V0-33","27875->22;9306->1"
"22-03-2022",S4PL8663,V304Y180,"Device Port 3","(empty)","1220->35;10287->16;9124->12"
"22-03-2022",S4PL4917,V305BHAG,gi2,"SW-AMU139V0-31","25679->15;14350->9;24273->7"
"22-03-2022",S4AY3020,V902Z3V3,"PC Port","SEP247E12BF84C4.asepeyo.site","1351->12;23613->7;6669->6"
"22-03-2022",PC053V7Z,60227032,gi12,"SW-AMU139V0-8","24227->13;26589->12"
"22-03-2022",S4AU7293,V902Z3A2,"-","-","6061->50;6947->5;9124->5"
"22-03-2022",S4AY2861,V902Z3ZV,gi2,"SW-AMU139V0-5","12072->49;12487->2;20951->1"
"22-03-2022",S4AU5084,V902V25V,gi18,"SW-AMU139V0-25","9862->53;1251->17;4003->2"
"22-03-2022",S4PL4056,V305BHA5,gi16,"SW-AMU139V0-28","25595->35;27763->4"
"22-03-2022",S4J96760,0,"-","-","23691->43"
"22-03-2022",S4AY2861,V902Z3ZV,gi2,"SW-AMU139V0-5","12072->48;12487->2;20951->1"
"22-03-2022",S4PL8703,V305DFM4,"-","-","4222->44"
"22-03-2022",S4PL3327,V305BHLB,gi20,"SW-AMU139V0-36","6425->43;12498->6;1230->5"
"22-03-2022",S4PL4190,V305BFC0,gi4,"SW-AMU139V0-32","27257->40"
"22-03-2022",PC053V62,16777216,"-","-","3802->7;3445->2;4142->2"
"22-03-2022",S4PL4540,V305BFCR,gi1,"SW-AMU139V0-12","1363->21"
"22-03-2022",PC053VBN,"VL-ZGR67","-","-","25917->35;2349->34;6074->2"
"22-03-2022",S4PL4183,V305DFLL,"-","-","3445->30"
"22-03-2022",S4PL8838,V305DFMC,gi7,"SW-AMU139V0-12","4139->26"
"22-03-2022",S4AU7283,V902Z3A8,gi7,"SW-AMU139V0-36","11091->5;9938->5;23287->4"
"22-03-2022",S4AY2975,V902Z3ZZ,"PC Port","SEP009AD2F08AA2.asepeyo.site","22421->127;27083->47;10934->6"
"22-03-2022",PC053VEM,52549101,"-","-","26589->47;24227->30;80790->10"
"22-03-2022",S4AV0482,V902Z39M,gi8,"SW-AMU139V0-29","6074->48;26481->14;24369->10"
"22-03-2022",S4AY2918,V902Z3ZB,gi2,"SW-AMU139V0-6","6454->99"
"22-03-2022",S4AU7289,V902Z3AB,gi21,"SW-AMU139V0-32","14545->45;9306->33;15501->7"
"22-03-2022",PC0A85QB,V9012R2A,"-","-","1254->15;15667->2;15192->2"
"22-03-2022",S4AU6938,V902Z39Z,gi9,"SW-AMU139V0-7","7305->15;6395->14;15192->12"
"22-03-2022",S4PL4528,V305DFM8,"-","-","3511->29;5195->1"
"22-03-2022",S4AY2857,V902Z3Z8,"-","-","1343->22;81924->2"
"22-03-2022",S4AU7145,V902Z3AA,"-","-","14694->13;7343->10;15667->8"
"22-03-2022",S4PL4597,V305DFM9,"PC Port","SEP2C0BE904935F.asepeyo.site","1340->52"
"22-03-2022",S4AY2996,V902Z3RN,gi5,"SW-AMU139V0-5","11483->57"
"22-03-2022",S4AV0220,V902Z3RV,"-","-","6891->32;15501->16;15667->2"
"22-03-2022",S4PL4759,V305DFM0,gi17,"SW-AMU139V0-12","15611->25"
"22-03-2022",S4PL4531,V305BFM8,gi15,"SW-AMU139V0-3","6616->39;27257->2"
"22-03-2022",S4PL3270,V305BHLX,"PC Port","SEP247E12BF7684.asepeyo.site","14043->46;6061->7;21979->6"
"22-03-2022",S4AU7298,V902Z3AP,gi12,"SW-AMU139V0-34","1309->40;9747->5"
"22-03-2022",S4PL4060,V305BK2M,gi4,"SW-AMU139V0-9","5245->52"
"22-03-2022",S4PL3110,V305BHBB,"-","-","1351->8;27443->6;6257->6"
"22-03-2022",S4AY2918,V902Z3ZB,gi2,"SW-AMU139V0-6","6454->98"
"22-03-2022",PC053VKB,"VN-167518","-","-","27443->24;27019->11;27479->4"
"22-03-2022",S4AY2996,V902Z3RN,gi5,"SW-AMU139V0-5","11483->57"
"22-03-2022",S4PL4059,V305BK3A,"-","-","1358->55"
"22-03-2022",S4PL3527,V305BH21,"-","-","9494->33;23375->9;12777->8"
"22-03-2022",S4PL4550,V305BHBM,"-","-","3192->22"
"22-03-2022",S4PL3942,V305BH9D,gi1,"SW-AMU139V0-19","1330->44;27893->2"
"22-03-2022",S4AY2908,V902Z3N5,"PC Port","SEP247E12BF77A1.asepeyo.site","27413->25;1370->20;12853->18"
"22-03-2022",S4PL4539,V305DFLY,gi4,"SW-AMU139V0-12","4529->34"
"22-03-2022",S4AY2906,V902Z3ZP,gi2,"SW-AMU139V0-17","23235->39"
"22-03-2022",S4AV0146,V902Z3RK,gi19,"SW-AMU139V0-39","12777->62;27849->34;23375->25"
"22-03-2022",S4PL3873,V305BH8R,"PC Port","SEP247E12BF89FF.asepeyo.site","13786->20;14681->18;7305->18"
"22-03-2022",S4AY2926,V902Z2M6,"-","-","1346->57;12853->31;23415->29"
"22-03-2022",S4AY2987,V902Z2YB,gi13,"SW-AMU139V0-5","23715->52"
"22-03-2022",S4PL4373,V305BK1D,gi6,"SW-AMU139V0-12","1325->20"
"22-03-2022",S4PL4543,V305BHA3,"-","-","1155->29;81755->8;27705->1"
"22-03-2022",S4AU7083,V902Z3NC,"PC Port","SEP247E12BF778A.asepeyo.site","26307->24;27413->19;1349->15"
"22-03-2022",S4PL3941,V305BKL9,"PC Port","SEP247E12BFD070.asepeyo.site","23611->55;20623->54;24687->42"
"22-03-2022",S4AY2882,V902Z3ZT,gi8,"SW-AMU139V0-32","9747->44"
"22-03-2022",S4AY2903,V902Z3XB,gi9,"SW-AMU139V0-16","26113->48"
"22-03-2022",S4AU7258,0,"-","-","4003->57;6935->51;14457->4"
"22-03-2022",S4AV0275,V902V2X1,"-","-","6877->58;23299->32;10199->29"
"22-03-2022",S4PL9025,V3071RZD,"-","-","26201->19"
"22-03-2022",S4AY2856,V902Z400,gi12,"SW-AMU139V0-20","27083->73;23913->12;22421->5"
"22-03-2022",S4PL4876,V305BK3L,"-","-","3167->37"
"22-03-2022",S4PL4073,V305BG2C,"-","-","15192->19;7305->15;12907->14"
"22-03-2022",S4PL4547,V305BK3N,gi11,"SW-AMU139V0-33","4923->18"
"22-03-2022",S4PL4530,V305DFMA,"-","-","3048->37"
"22-03-2022",S4PL4065,V305BG01,"-","-","6162->48"
"22-03-2022",S4PL5078,V305DFM2,gi10,"SW-AMU139V0-13","1374->31"
"22-03-2022",S4PL3948,V305BK1M,gi3,"SW-AMU139V0-10","26251->16"
"22-03-2022",S4PL3827,V305BK3V,gi13,"SW-AMU139V0-23","3280->42;14621->1"
"22-03-2022",S4AU7096,V902Z2MX,gi16,"SW-AMU139V0-31","81071->27;81091->20;81881->13"
"22-03-2022",S4AU7205,V902Z30H,"PC Port","SEP247E12BF848A.asepeyo.site","81073->45;80492->7;81071->2"
"22-03-2022",S4AY2978,V902Z2XY,"-","-","1182->40;7083->2"
"22-03-2022",S4PL3831,V305BK3M,"PC Port","SEPF87B204FBB03.asepeyo.site","6097->50"
"22-03-2022",S4PL8707,V305BFM0,gi1,"SW-AMU139V0-32","1288->54"
"22-03-2022",S4PL3815,V305BH9Z,"PC Port","SEP247E12BF76DA.asepeyo.site","6129->47"
"22-03-2022",S4PL9049,V305BK1W,"-","-","6341->44"
"22-03-2022",S4AU6938,V902Z39Z,gi9,"SW-AMU139V0-7","6395->14;7305->14;15192->12"
"22-03-2022",S4AU9072,V902V2PG,gi19,"SW-AMU139V0-27","26809->21;3860->15;9755->12"
"22-03-2022",S4PL4527,V305BK34,"-","-","4212->55"
"22-03-2022",S4AU7772,V902Z425,"-","-","26219->7;6615->3;6150->1"
"22-03-2022",S4PL3807,V305BK29,gi9,"SW-AMU139V0-20","1336->45;9952->1;23235->1"
"22-03-2022",S4AY2907,V902Z3M9,gi4,"SW-AMU139V0-5","1370->42;10934->8;1349->6"
"22-03-2022",S4AY2986,V902Z2XV,gi13,"SW-AMU139V0-24","4070->31;12691->26;1277->21"
"22-03-2022",S4AY2878,V902Z3ZM,gi15,"SW-AMU139V0-20","81866->43;81910->14;81867->11"
"22-03-2022",S4AV0129,V902Z3RW,"-","-","1341->5;23375->5;27397->3"
"22-03-2022",S4AU9072,V902V2PG,gi19,"SW-AMU139V0-27","26809->21;3860->15;9755->12"
"22-03-2022",S4AU7096,V902Z2MX,gi16,"SW-AMU139V0-31","81071->27;81091->20;81881->13"
"22-03-2022",S4PL8837,V305DFM6,"-","-","11214->19;10243->15;12691->13"
"22-03-2022",S4AY2986,V902Z2XV,gi13,"SW-AMU139V0-24","4070->31;12691->26;1277->21"
"22-03-2022",S4PL3527,V305BH21,"PC Port","SEP247E12BF8990.asepeyo.site","9494->32;23375->9;12777->8"
